station,n_years,annual_max,annual_max_year,c,loc,scale,ks_D,ks_p,lat,lon,status
1,67,1.4587857723236084,1987.0,-0.0668980024668783,0.686735145443655,0.12641575855296153,0.059355434720753,0.9611206426142379,48.383,-4.495,ok
10,45,1.587813138961792,1963.0,0.22620309643052888,0.7298437272064716,0.2786902221755948,0.11702089137251859,0.5303659102802403,45.56848,-1.061555,ok
102,64,0.9954325556755066,1989.0,0.13041895317722718,0.603166270976625,0.11500266595288514,0.042656078268192066,0.9995068183061514,50.102,-5.542,ok
103,75,1.9853076934814453,2019.0,-0.22856828607658766,0.6718686857054099,0.14892214508872545,0.10479813505999769,0.3573851715133687,50.103,-5.54275,ok
104,35,1.915684461593628,2019.0,-0.4402974591640128,0.6129455258604914,0.1355038168627502,0.12413715761236338,0.6093737888076705,50.099998,-5.53333,ok
108,34,1.9969708919525146,1996.0,-0.6632997941769476,0.7620850071199547,0.31795359757892705,0.21329270289237234,0.07765046698070788,50.6085,-2.447944,ok
109,29,1.9988727569580078,2013.0,0.08458665663502367,0.7176434651907546,0.3852696563801094,0.07408364894218522,0.9936782683005486,50.714333,-1.874861,ok
11,38,1.2330121994018555,2010.0,0.04705170419550154,0.7005989133002857,0.13673769655262608,0.08254598803584678,0.9390648879137818,46.497358,-1.793528,ok
110,0,,,,,,,,50.65112,-1.15317,skipped (<20 years)
111,18,1.996410846710205,2014.0,,,,,,50.7403,-1.50714,skipped (<20 years)
112,0,,,,,,,,50.60935,-1.94918,skipped (<20 years)
113,0,,,,,,,,50.76983,-0.49215,skipped (<20 years)
114,12,1.9067398309707642,2019.0,,,,,,50.70888,-2.76411,skipped (<20 years)
115,13,1.9728399515151978,2023.0,,,,,,50.59419,-4.83437,skipped (<20 years)
12,36,1.9769068956375122,1995.0,0.19667515510821754,1.2706489402077445,0.24774429763347017,0.07857025573177479,0.9666475466938006,47.277217,-1.8898,ok
120,57,1.706781268119812,1983.0,1.1628860056505301,0.2449722286090531,1.6999172749805045,0.5079017135783969,3.74127090219187e-14,50.9693985,1.86772001,ok
121,46,1.9428565502166748,1990.0,0.23779428462769536,1.1383426499734426,0.27280489756582954,0.07852981554852523,0.9179834188467297,50.72738,1.57766,ok
122,57,1.7081587314605713,1983.0,1.1591851916509357,0.2400786639410094,1.7017766744265823,0.5091224500745316,3.1800844808630126e-14,50.969501,1.8677,ok
123,46,1.9428638219833374,1990.0,0.23787827770844988,1.1384433067910495,0.2727724496350498,0.07742357602853997,0.92560997700612,50.727501,1.5774,ok
124,34,1.028485894203186,1993.0,0.3466544559303326,0.751388252665756,0.1356196029326589,0.15575545857450268,0.34521684601732616,50.783298,0.06667,ok
125,34,1.288065791130066,2017.0,0.05967347230799044,0.659219599260044,0.12169334756263497,0.0937011124670526,0.8993473165645878,50.368401,-4.1852002,ok
126,34,1.9962831735610962,2018.0,-0.10230527705594766,0.7422343728649261,0.14889734066847704,0.1105503758995737,0.7594073522772493,50.8004,-1.1102,ok
127,34,1.1978788375854492,2021.0,0.07626203525216753,0.6766356421497631,0.14229922425016006,0.06561818579671774,0.996465593691206,50.607899,-2.4465001,ok
128,28,1.6370569467544556,2020.0,-0.14217036913324715,0.6888682529124186,0.19064357632233142,0.07703367176155912,0.9917682562472491,50.7136,-1.8747,ok
129,19,1.9689010381698608,2021.0,,,,,,50.651108,-1.1531577,skipped (<20 years)
13,36,1.9996695518493652,2001.0,1.2084364766787687,1.6939012128454054,0.3695016142658646,0.16944428171466897,0.22551932942842146,47.205383,-1.765133,ok
130,18,1.9989506006240845,2022.0,,,,,,50.740292,-1.5071276,skipped (<20 years)
131,17,1.0990238189697266,2014.0,,,,,,50.609333,-1.949177,skipped (<20 years)
133,15,1.982075572013855,2022.0,,,,,,50.594177,-4.8344054,skipped (<20 years)
14,35,1.9997692108154297,2021.0,1.3747858441058545,1.7995004774780774,0.2753266196092022,0.34126870645132296,0.0003841954544388114,47.19345,-1.633667,ok
140,39,1.7445918321609497,1964.0,-0.041004131213613786,0.9684672487481716,0.15843384468521532,0.09484429443058184,0.841766394128317,50.8839,-1.3931,ok
141,30,1.7683552503585815,1977.0,-0.2067824598828717,0.7334929823348949,0.10219597673391664,0.07102875192131852,0.9954194020995736,50.802194,-1.11125,ok
142,29,1.968797206878662,1986.0,-0.15622002362875104,0.9100003179333325,0.3088739826533735,0.12786341081047015,0.6830701757694819,50.368389,-4.18525,ok
143,0,,,,,,,,50.781778,0.057028,skipped (<20 years)
145,0,,,,,,,,51.533,-9.183,skipped (<20 years)
146,64,1.9999666213989258,2019.0,0.9221584117705883,1.9979773102683633,0.001837475789361621,0.05374991580446517,0.9878470569892506,51.707389,-5.051778,ok
147,19,0.9504026174545288,2014.0,,,,,,51.6496,-9.9034,skipped (<20 years)
148,15,1.0796854496002197,2014.0,,,,,,51.8278,-8.0007,skipped (<20 years)
15,34,1.4443678855895996,2023.0,0.338042720322112,0.8873126543117644,0.22024142221199672,0.1391633916019701,0.483037023969369,48.640812,-2.028103,ok
151,35,1.2821886539459229,1990.0,1.1831768172556734,0.5718871906819742,0.8404122245966864,0.31485794520069604,0.0013919843851604163,51.716702,-5.0500002,ok
152,19,1.9988528490066528,2020.0,,,,,,51.649601,-9.9034004,skipped (<20 years)
153,15,1.0073405504226685,2014.0,,,,,,51.827801,-8.0007,skipped (<20 years)
154,14,1.9340723752975464,2014.0,,,,,,51.84,-8.3039999,skipped (<20 years)
156,67,1.9999529123306274,2018.0,-0.020125180186120483,1.1081291341429136,0.21341710456954513,0.09583540168685911,0.5378209746013467,51.114389,1.322528,ok
157,58,1.9998483657836914,2011.0,1.15702649672409,1.8055234075048845,0.22483912570338294,0.21668982140645915,0.007177871094504962,51.445639,0.743361,ok
158,51,1.8383790254592896,1970.0,0.7459190455584057,1.6652586429625966,0.13081738138635673,0.10602313975732844,0.5783281806418217,51.211139,-4.112389,ok
159,0,,,,,,,,51.50775,-2.71275,skipped (<20 years)
16,26,1.2608228921890259,1984.0,1.0279709757256383,0.7281382893667716,0.5475843109172169,0.35553609451518886,0.0019050558536076734,45.56843333,-1.06148333,ok
160,38,1.9992998838424683,2019.0,1.2967326506576329,1.6865611435112957,0.4055385357129706,0.2437500067677773,0.017923366323839618,51.948,1.292056,ok
161,32,1.9867879152297974,2021.0,0.8564991105401029,1.5438767676871459,0.38274845291612813,0.1561744289417385,0.37676142733808415,51.21525,-3.134472,ok
162,32,1.9978331327438354,2021.0,0.4879396571655952,1.512750955720976,0.27612088780343624,0.11596449441144796,0.7396309733057436,51.55,-2.987444,ok
163,15,0.6220284104347229,2008.0,,,,,,51.95769444,1.34655556,skipped (<20 years)
164,8,0.25245532393455505,1999.0,,,,,,51.57,-3.975472,skipped (<20 years)
165,17,1.7406046390533447,2018.0,,,,,,51.5,-2.72847222,skipped (<20 years)
166,29,1.983277440071106,2007.0,0.6187414288977545,1.5578809556198614,0.28463562182236773,0.16926096289595055,0.33822499776324744,51.38198,1.11553,ok
167,19,1.878554105758667,2007.0,,,,,,51.22378,1.40923,skipped (<20 years)
168,13,1.9996784925460815,2013.0,,,,,,51.57012,-2.70001,skipped (<20 years)
17,30,1.7214919328689575,1992.0,1.1282711413862718,0.0648356054912024,1.8691575253752892,0.4659301427998345,1.7296034240600323e-06,47.305667,-2.0883,ok
170,67,1.9700722694396973,1983.0,1.0555901421448746,0.10548692887739747,1.9682379046854077,0.518033778861088,3.0598650483097355e-17,51.048091,2.366698,ok
172,49,1.997327446937561,1985.0,1.2719458638146113,1.850044789232785,0.1873355672792132,0.10577382814847602,0.6056494218371905,51.399148,4.209993,ok
173,22,2.5573720932006836,1973.0,0.6455627485146929,1.9578423539799474,0.4077473993843807,0.1564792562304852,0.59965958241308,51.506519,4.249998,ok
174,30,1.9863706827163696,1993.0,0.7112251581328918,1.633133659676083,0.26025086913815454,0.09271391864940914,0.937639173701724,51.511332,4.165743,ok
175,15,1.9966926574707031,1983.0,,,,,,51.399115,3.564552,skipped (<20 years)
178,40,1.975235939025879,1994.0,0.9371954666009716,1.6567351965182393,0.29909231202623704,0.13641534823275292,0.4094736325020659,51.750754,3.811483,ok
179,26,1.9978113174438477,1966.0,0.8056376096149291,1.7085471572699094,0.23791573198793664,0.12195865015234908,0.7904219035386463,51.655118,4.102756,ok
18,27,1.1476339101791382,2023.0,0.46807960932760584,0.6472118566162715,0.2587643066516487,0.1550599028223873,0.48719369083452346,47.542676,-2.895167,ok
180,18,1.9983489513397217,1983.0,,,,,,51.675798,3.756442,skipped (<20 years)
181,49,1.9929412603378296,1994.0,0.7779629433733071,1.5699164886497714,0.3349202526196604,0.11809154755962425,0.4662448066754378,51.379296,3.376275,ok
183,17,1.9796900749206543,1983.0,,,,,,51.60088,3.85938,skipped (<20 years)
19,26,1.0529381036758423,2023.0,0.07498054836180752,0.6475149950447708,0.09640668480004501,0.09903504430552657,0.9387106610829788,47.873549,-3.907207,ok
194,58,1.9987096786499023,1967.0,1.0258218194339368,1.7908550271063652,0.2132218368241982,0.11424227063924697,0.40501489275485447,51.445556,4.006959,ok
195,38,1.940718173980713,1990.0,0.6376694941271304,1.4071918895702211,0.3590910879698304,0.13275772575969225,0.4744545920515929,51.863131,3.860766,ok
196,13,0.7779682278633118,1983.0,,,,,,51.835992,4.054941,skipped (<20 years)
197,17,1.990028977394104,1973.0,,,,,,51.829224,4.04484,skipped (<20 years)
2,73,1.453881859779358,1987.0,-0.09702313026184743,0.6826883822784113,0.12532102156198466,0.06718306461094337,0.8745929683203566,48.383,-4.5,ok
200,58,1.0301131010055542,1966.0,0.4966541094014624,0.8205325042510171,0.11748053157586073,0.05393604316981093,0.9926103519514775,51.819721,4.128239,ok
203,58,1.988573670387268,1973.0,0.3086131585482008,1.496905366628142,0.2189709530528947,0.06952313449971739,0.9234433086845714,51.977572,4.119881,ok
205,17,1.9984153509140015,1973.0,,,,,,51.543944,3.865419,skipped (<20 years)
208,19,1.9937456846237183,1973.0,,,,,,51.666274,4.095356,skipped (<20 years)
209,31,1.9998725652694702,2007.0,1.0173324283468066,1.60093275773301,0.4058544031652749,0.21203630414590857,0.10589339449125967,51.659342,4.144264,ok
21,18,1.4290634393692017,2017.0,,,,,,46.007357,-1.174341,skipped (<20 years)
210,40,1.9936765432357788,1985.0,-1.4210697791288514,0.6399749357879888,0.09283971450783458,0.20781747301987963,0.05413767295566663,51.450047,4.229827,ok
216,23,0.7898755669593811,1989.0,0.5414193944735418,0.6803307849571703,0.0645356113088542,0.11524791609591067,0.8860619772902374,51.773558,4.192415,ok
22,18,1.980719804763794,1996.0,,,,,,45.199667,-0.744167,skipped (<20 years)
226,32,1.988938570022583,1993.0,0.3729504505302933,1.4797927515663014,0.25617621798242896,0.09324402305167057,0.9193582125807013,51.619106,3.686358,ok
227,33,1.9916621446609497,1994.0,0.8832775358813295,1.5792344045923619,0.36673553714364626,0.10799760150269488,0.7972234466380502,51.619592,3.682065,ok
23,15,1.4315675497055054,1967.0,,,,,,45.453667,-0.92305,skipped (<20 years)
236,49,1.9976733922958374,2005.0,1.04416023959297,1.6558045772002368,0.3569658238795872,0.13581034660251595,0.2989268857785147,51.595404,4.006011,ok
237,27,1.9991456270217896,1987.0,1.0795317169766898,1.8436283483870077,0.16788583482414832,0.13030657650527178,0.7008754417339196,51.626665,4.254928,ok
238,13,1.9839270114898682,1990.0,,,,,,51.827026,4.033445,skipped (<20 years)
240,58,1.9933615922927856,1977.0,0.854587592354544,1.7460134098852569,0.21246380201820064,0.09987328603202317,0.5747414786306569,51.336209,3.819812,ok
242,15,1.9453102350234985,1976.0,,,,,,51.599317,3.75183,skipped (<20 years)
243,58,1.995986819267273,1962.0,0.6021670615512421,1.625259580791227,0.24313347199910218,0.10100296097237277,0.5605020555331757,51.442308,3.596057,ok
245,29,1.9816817045211792,1968.0,1.1594808451432814,1.5817534715467265,0.4637091255658776,0.16952268741309134,0.336445433624331,51.496839,4.056964,ok
248,49,1.986714243888855,1973.0,0.6605598760589524,1.497545402093626,0.34085920840088163,0.12037876998892805,0.44212571174057336,51.521445,3.440031,ok
251,27,1.9995131492614746,1968.0,1.0654709994387734,1.689630096414374,0.3301714060261386,0.12161904567860071,0.7752425904588445,51.642157,3.910813,ok
254,33,1.9977331161499023,1985.0,1.0926792351794532,1.5892163596640199,0.44637777703498505,0.20472405855290893,0.10879899905724821,51.33621206,3.81981192,ok
255,44,1.971071720123291,2013.0,0.4258285237773436,1.4386369974090634,0.26618125754238753,0.14091519679737596,0.3162915614003827,51.76762642,3.61712418,ok
259,33,1.9518487453460693,2013.0,0.39456724067140336,1.4730027675361783,0.2282114530578788,0.09756456838646288,0.881917342733645,51.64286987,3.4810545,ok
260,31,1.9920313358306885,1994.0,1.0450200389734667,1.8489278407985803,0.149546019955693,0.08355366353460725,0.9694153520734775,51.39842692,4.02620594,ok
264,24,1.9979662895202637,2007.0,1.2102654624806362,1.871326230691675,0.15326808936675695,0.12223046901858409,0.8239267555304098,51.37786806,4.16499237,ok
265,24,1.9777203798294067,1983.0,1.0865564772918472,1.4009015713602695,0.6267462125659066,0.12962221140374053,0.7678882070718887,51.37929817,3.37627452,ok
266,24,1.9443178176879883,1977.0,1.09885675488358,1.3701029921118972,0.6309798398385844,0.1356296626888659,0.7195088430338354,51.52144786,3.44003089,ok
269,22,1.997775673866272,1976.0,1.0939785017418293,1.4647509473292057,0.5831175917283681,0.17378328228957102,0.4679279659517436,51.59540662,4.00601046,ok
27,12,1.6076372861862183,2009.0,,,,,,45.335567,-0.795167,skipped (<20 years)
270,19,1.8868343830108643,1987.0,,,,,,51.50615366,4.07513028,skipped (<20 years)
271,18,1.9643648862838745,2013.0,,,,,,51.95823879,4.16144308,skipped (<20 years)
272,18,1.9992541074752808,1990.0,,,,,,51.34208224,4.24763328,skipped (<20 years)
273,14,1.9960911273956299,1990.0,,,,,,51.72154375,3.67591773,skipped (<20 years)
276,0,,,,,,,,51.99220543,4.00771079,skipped (<20 years)
277,11,1.9078527688980103,1983.0,,,,,,51.58282787,3.47102233,skipped (<20 years)
3,72,1.4530620574951172,1987.0,-0.18172921088719135,0.6906468816860476,0.1269955602452752,0.06472698625865025,0.9043679748721106,48.38290024,-4.49503994,ok
326,67,1.9701777696609497,1983.0,1.057491673177045,0.10553081330340006,1.9718486297630298,0.5176381543357536,3.260179408491585e-17,51.048199,2.3664999,ok
327,35,1.9902446269989014,2018.0,0.22837083894518884,1.0464904998990683,0.30253061575474616,0.12872599310220623,0.563965045525658,51.116699,1.3166699,ok
328,34,1.9567009210586548,2021.0,0.1417283907832721,1.2375213844179302,0.29282093272540244,0.12456089467500758,0.6224590534698788,51.216702,-3.1333301,ok
329,34,1.5374947786331177,1990.0,0.15495532436646614,0.8128487596523362,0.23575128664712613,0.14913461234582354,0.39695394753307234,51.216702,-4.1166701,ok
330,32,1.9858404397964478,1993.0,0.636011406880356,1.4925211492808068,0.3312836581119345,0.14097900712181038,0.5037574624139101,51.549599,-2.9860001,ok
331,32,1.9399871826171875,1998.0,0.0556457527833697,0.9775547854831195,0.2507683645986164,0.1375208242048942,0.5352165672133484,51.569698,-3.9737,ok
332,31,1.9990123510360718,2018.0,1.01824877336397,1.5708632745505033,0.4359622719483467,0.12089435858129788,0.710530042414319,51.450001,0.75,ok
333,28,1.983809232711792,2007.0,0.7180061666707167,1.567373188506087,0.31015809448565934,0.17139613668157577,0.3433706106568791,51.381985,1.1155597,ok
334,26,1.9950488805770874,1998.0,0.7528523395252849,1.6006888315035879,0.30476080697897195,0.191584928725807,0.2604885862917907,51.507099,-2.7114,ok
335,22,1.996158242225647,1993.0,0.5778909493169022,1.356061729051782,0.4162408242433834,0.11811140816686949,0.8837757832290009,51.966702,1.35,ok
336,21,1.9988152980804443,2018.0,0.2535292953855724,1.3047316922228314,0.3153119917195465,0.1051923536057282,0.9553586549195854,51.948002,1.2920001,ok
337,19,1.8799445629119873,2007.0,,,,,,51.223793,1.4092588,skipped (<20 years)
338,18,1.9970399141311646,2024.0,,,,,,51.5,-2.7284,skipped (<20 years)
339,13,1.9894952774047852,2014.0,,,,,,51.570122,-2.7000217,skipped (<20 years)
342,11,1.7138781547546387,2020.0,,,,,,51.522301,3.4402001,skipped (<20 years)
35,10,1.9861822128295898,2009.0,,,,,,45.040483,-0.603517,skipped (<20 years)
368,15,1.3439842462539673,2014.0,,,,,,52.3385,-6.4589,skipped (<20 years)
369,13,1.9347368478775024,2024.0,,,,,,52.14767,-6.99188,skipped (<20 years)
375,22,1.3146730661392212,2014.0,-0.15979794782559775,0.7519830490527268,0.16115560519869987,0.08361523497926032,0.9943405041159512,52.792,-6.1451998,ok
376,17,1.3051377534866333,2014.0,,,,,,52.338501,-6.4589,skipped (<20 years)
377,15,1.3316653966903687,2014.0,,,,,,52.2696,-9.8620996,skipped (<20 years)
382,61,1.913209080696106,2020.0,0.22779970440713487,0.7573476828877561,0.3532781307977275,0.11669271931878686,0.349853139846952,52.013222,-4.98375,ok
383,61,1.9930473566055298,1976.0,0.3721177227088486,1.3662824343718385,0.3047489495510822,0.062444471793365985,0.9593032959576842,52.473083,1.75025,ok
384,40,1.9859278202056885,1990.0,0.5956765748102488,1.3979608270079895,0.3716854273525569,0.07647688333950309,0.9593615264652664,52.934194,1.301639,ok
385,33,1.8888694047927856,2013.0,0.831029417873866,1.3627831625535318,0.4411164674761551,0.08571016515644381,0.9514691043479612,52.719333,-4.045028,ok
386,58,1.9771314859390259,1989.0,0.5508771846604568,1.5562791405754295,0.25971555265021734,0.08857104229827584,0.71955798547679,52.964357,4.74499,ok
387,49,1.9958206415176392,1990.0,1.0185313683246149,1.6597866050248342,0.3422612069926602,0.10408954996475411,0.6255306163482472,52.931535,5.045596,ok
391,39,1.983573317527771,1983.0,0.697372010915807,1.5917198527005667,0.28278965964240327,0.08689695703433553,0.9052564736177505,52.462323,4.554823,ok
392,22,1.978406548500061,1969.0,0.3952847220019177,1.5648835349028813,0.20831268007928389,0.131571589355869,0.7942751130981853,52.467249,4.60506,ok
398,11,1.9608656167984009,1976.0,,,,,,52.934137,4.792286,skipped (<20 years)
4,75,1.8105942010879517,1972.0,0.06349433982646142,0.9254882959199926,0.21744902564856866,0.07934235535483036,0.7024139839943716,47.266862,-2.20155,ok
400,41,1.9359253644943237,2008.0,0.45197988057007804,1.5013634809536676,0.23972296918827657,0.09102002506009366,0.855725839987646,52.772657,4.649702,ok
401,57,1.994859218597412,1976.0,0.49473713413063714,1.5868436523005773,0.22312545947249163,0.06053946758064055,0.9768911200952259,52.099033,4.263563,ok
403,32,1.979424238204956,1993.0,1.0122687485495847,1.499245836938428,0.4860695893306086,0.14572259725174752,0.4619945900021073,52.09903557,4.2635626,ok
404,22,1.97157883644104,2013.0,0.8249241333889087,1.660614911065597,0.26036462540413174,0.09771097847803384,0.9711338903487017,52.46394337,4.51759573,ok
405,17,1.9549107551574707,1993.0,,,,,,52.77265954,4.64970234,skipped (<20 years)
41,72,1.4532426595687866,1987.0,-0.18205250042101914,0.6907391516384476,0.12690014555092055,0.06404219484888174,0.9108046156741728,48.3829,-4.4951,ok
413,35,1.992835283279419,1990.0,0.5712098620543126,1.4447498062353774,0.3411625007942535,0.07782259800371982,0.9728102554828532,52.9333,1.3,ok
414,35,1.4230692386627197,2022.0,-0.0692684906865304,0.7090811956379507,0.13589606747583832,0.09293412869029916,0.8956925561183645,52.016701,-4.9833298,ok
415,35,1.9890332221984863,2007.0,0.42827105297134954,1.3405789935646082,0.34473792285387395,0.06525197792939519,0.9960654712901922,52.466702,1.75,ok
416,33,1.9591565132141113,2023.0,0.3971249037663509,1.2315746823161429,0.3738274120439268,0.10028338060352993,0.8616156121669674,52.716702,-4.03333,ok
417,11,0.4561136066913605,2023.0,,,,,,52.931274,5.0479212,skipped (<20 years)
418,11,1.9681893587112427,2014.0,,,,,,52.932617,5.0459771,skipped (<20 years)
42,75,1.8105568885803223,1972.0,0.06381326998324718,0.9256732661414759,0.21753365313224404,0.07978275014496461,0.6960162684932749,47.27,-2.2,ok
423,11,1.7791919708251953,2018.0,,,,,,52.464966,4.5179009,skipped (<20 years)
43,55,1.3523905277252197,1987.0,-0.006923393255762586,0.5927128529849203,0.13118512202435217,0.11821497601128528,0.3949080970150961,48.359299,-4.7809,ok
44,55,1.2812963724136353,1987.0,0.15807102282494834,0.6100851483176147,0.15556726340231758,0.12313080071134563,0.3462110855865502,47.644299,-3.4459901,ok
448,57,1.6386070251464844,1974.0,0.34997002177015846,0.9530694502342748,0.2726590606865129,0.12822666274562955,0.28107786946277924,54.842556,-5.120028,ok
449,31,1.9997755289077759,2007.0,1.424557912009594,1.4827540148240583,0.7365270885671396,0.21106402370370816,0.10873740342913585,54.66475,-5.669472,ok
45,56,1.4832165241241455,1965.0,0.20744319611174544,0.733428741228481,0.2096117782506418,0.07309618417025314,0.9044017297618805,47.140381,-2.24635,ok
450,18,1.2844258546829224,2013.0,,,,,,54.6364,-8.3949,skipped (<20 years)
451,17,1.2092432975769043,2015.0,,,,,,54.9905,-8.4955,skipped (<20 years)
452,17,0.9633665084838867,2024.0,,,,,,54.2536,-9.8928,skipped (<20 years)
453,14,1.3370447158813477,2024.0,,,,,,54.3099,-8.582,skipped (<20 years)
455,35,1.5546051263809204,1998.0,0.13501917519789364,0.9824012410411082,0.17763002128744593,0.07676452982595305,0.97603668127722,54.8424,-5.1188998,ok
456,31,1.75035560131073,2015.0,0.16341839457515367,0.8172162880498305,0.26637526636515785,0.16026614940885253,0.36428833641574865,54.665001,-5.6691999,ok
457,18,1.2672303915023804,2013.0,,,,,,54.636398,-8.3949003,skipped (<20 years)
458,17,1.1409506797790527,2017.0,,,,,,54.989601,-8.4956198,skipped (<20 years)
459,17,0.8674728274345398,2020.0,,,,,,54.252998,-9.8900003,skipped (<20 years)
46,52,1.3395006656646729,1984.0,-0.17460891895236808,0.6194888511933521,0.09711302260405229,0.044374354976266295,0.9998346905519243,48.718399,-3.9658999,ok
460,13,1.9734174013137817,2019.0,,,,,,54.3046,-8.5689001,skipped (<20 years)
462,60,1.9996203184127808,1998.0,0.7174237372710512,1.5457413645024136,0.3310010683115747,0.06979131867841437,0.9121580150686823,54.031833,-2.92025,ok
463,45,1.9643689393997192,2005.0,0.01406554859298184,1.0850140450915555,0.21722645771695961,0.0774687401397563,0.9306786283465178,54.49,-0.614694,ok
464,33,1.9168992042541504,1998.0,0.2420853917905908,1.2973745194826982,0.26711563372775554,0.1028575151815142,0.841148737029756,54.650722,-3.567167,ok
465,31,1.9642564058303833,2023.0,0.030595181534963115,0.8732045891649132,0.19714439285044433,0.10611881593996653,0.8401598634943686,54.085222,-4.768056,ok
466,0,,,,,,,,54.28248,-0.39027,skipped (<20 years)
467,11,1.7763816118240356,2022.0,,,,,,54.48862,-0.61462,skipped (<20 years)
468,25,1.9883185625076294,2023.0,-0.01611920342729981,1.1424148682407935,0.18990045517925758,0.09741641894754849,0.9531559830949075,54.82326593,9.65412763,ok
469,25,1.9949673414230347,2023.0,-0.013391609348042002,1.188604376229888,0.18495673331567158,0.09028672776098923,0.9756001358887081,54.79504891,9.433011,ok
47,44,1.5187653303146362,2010.0,0.20034358377916667,0.7901564501628958,0.23884137556633045,0.09854057830233226,0.7494175644395951,46.148701,-1.2259001,ok
470,25,1.9951335191726685,2015.0,1.3004772756651595,1.8844690863215516,0.1439165801472504,0.16505244494056237,0.45538162842182306,54.75978757,8.29700482,ok
471,25,1.9957942962646484,2007.0,1.3493443328912111,1.9458573380694182,0.06738215154255928,0.10845897896568707,0.8997994089583309,54.73219748,8.6880067,ok
472,0,,,,,,,,54.66438046,9.93793188,skipped (<20 years)
473,25,1.9987951517105103,2012.0,1.071434383716657,1.9300402352048491,0.07366638159373323,0.15121480898637163,0.565699282713461,54.63344017,8.38492638,ok
474,25,1.9993242025375366,2023.0,1.2068554069522544,1.946804914532542,0.06338318669811056,0.1459535556860428,0.6098024145512605,54.50258302,8.70305048,ok
475,25,1.919520378112793,2023.0,-0.01927431571275027,1.1615590958071356,0.17890531993505643,0.10701377585386423,0.9080195644995323,54.47470223,9.83599307,ok
476,25,1.999792456626892,2022.0,1.2093487380931944,1.975884804702729,0.028912688685257856,0.1967791811644276,0.2525353767613512,54.47394247,9.02585594,ok
477,25,1.999653935432434,2022.0,1.0392624935191996,1.9644443251517416,0.036592027376151706,0.20652243454951102,0.20588150080494394,54.26591826,8.84211831,ok
478,25,1.999642014503479,2011.0,0.7065340747011566,1.9869438541511344,0.009332432886637997,0.10220820738589842,0.9327364890629827,54.26586489,8.84958039,ok
479,25,1.9986639022827148,2020.0,1.0160771641164672,1.7972507830725584,0.20465127098290775,0.14604176915485217,0.6090570737216547,54.18052298,7.89080439,ok
48,45,1.587490439414978,1963.0,0.22656081348710944,0.7300226093797975,0.2787325279668952,0.11765937600075704,0.5234495587230716,45.568432,-1.06148,ok
480,0,,,,,,,,54.17660084,7.89521349,skipped (<20 years)
481,25,1.999922513961792,2023.0,1.2260282720939089,1.9633171060899224,0.04487926496244107,0.17744992087896216,0.36689082442839405,54.1233805,8.86015778,ok
486,25,1.9998615980148315,2001.0,1.285235973271059,1.9897281494958765,0.013023872569851347,0.1018560358999856,0.9343834985676063,54.31632455,8.95122149,ok
49,38,1.232085943222046,2010.0,0.048153327030569244,0.7003559715863314,0.136824661070511,0.08150465944305263,0.944597583316219,46.497501,-1.7938,ok
492,35,1.9897605180740356,1998.0,0.8619456717646834,1.5481007213411133,0.38379699314661136,0.1385478660691689,0.4709097338172412,54.033298,-2.9166701,ok
494,35,1.8504773378372192,2020.0,0.19224681551276757,1.0674150890061496,0.23380295100645393,0.11162252997434807,0.7341911299229147,54.483299,-0.61667001,ok
495,33,1.8620458841323853,1998.0,0.20051245197109446,1.2892841779510393,0.2531725270116654,0.11917921049175262,0.6924572904811106,54.650002,-3.5666699,ok
496,21,1.226951003074646,1998.0,0.5271957953541948,0.8820440031080585,0.2093152252997869,0.14745473086432892,0.69742769145997,54.0854,-4.7680998,ok
498,13,1.9583934545516968,2015.0,,,,,,54.282497,-0.3902857,skipped (<20 years)
499,11,0.8056036233901978,2014.0,,,,,,54.916698,9.7833004,skipped (<20 years)
5,56,1.4832123517990112,1965.0,0.20744319611174544,0.7334298342525962,0.2096117782506418,0.07310542794354004,0.9043236636579297,47.140383,-2.24635,ok
50,36,1.9769004583358765,1995.0,0.1966640384498079,1.2706552348612101,0.24776767652822954,0.07861275855694155,0.9664910198889777,47.277222,-1.8898,ok
500,11,1.9977349042892456,2020.0,,,,,,54.1222,8.8591995,skipped (<20 years)
501,11,1.9990544319152832,2015.0,,,,,,54.730999,8.6870003,skipped (<20 years)
502,11,0.823297917842865,2014.0,,,,,,54.474998,9.8369999,skipped (<20 years)
503,11,1.9968081712722778,2016.0,,,,,,54.265999,8.842,skipped (<20 years)
504,11,0.8762094378471375,2014.0,,,,,,54.796001,9.434,skipped (<20 years)
505,11,1.976871371269226,2015.0,,,,,,54.178902,7.8899999,skipped (<20 years)
506,11,1.9965533018112183,2016.0,,,,,,54.757999,8.2959995,skipped (<20 years)
507,11,1.9986324310302734,2022.0,,,,,,54.472,9.0249996,skipped (<20 years)
508,11,0.867107629776001,2014.0,,,,,,54.82333,9.6549997,skipped (<20 years)
509,11,1.990866780281067,2020.0,,,,,,54.966702,8.6660004,skipped (<20 years)
51,36,1.9996012449264526,2001.0,1.3339997068850988,1.6953078306849232,0.4059273254052663,0.15332961283885826,0.3312965428356226,47.205379,-1.76513,ok
510,11,1.7785671949386597,2022.0,,,,,,54.488632,-0.61463588,skipped (<20 years)
511,11,1.996963381767273,2022.0,,,,,,54.632,8.3839998,skipped (<20 years)
518,0,,,,,,,,55.367,-7.333,skipped (<20 years)
519,30,1.998570442199707,2023.0,-0.20942053983975448,0.8699992111929562,0.22922851842333392,0.09994110590333405,0.8964581332548273,55.206778,-6.656833,ok
52,32,1.9572784900665283,1999.0,0.1373099074646295,0.7194579708510505,0.32368669770252667,0.09119777612581326,0.9308553672540636,45.853409,-1.17782,ok
520,23,0.2395762801170349,1992.0,0.12346741836099345,0.17529384231416273,0.017896631916567356,0.14393577126316975,0.6749030690959821,55.627583,-6.189917,ok
521,17,1.9700331687927246,2022.0,,,,,,55.3717,-7.3344,skipped (<20 years)
522,30,1.7234240770339966,2018.0,-0.15947318654009174,0.8355657176134199,0.15535345247632804,0.11106081928849232,0.8139722718135176,55.200001,-6.6666999,ok
523,21,1.1627274751663208,1995.0,0.20736069843952937,0.8395914322431787,0.1108439905865576,0.14029386424710655,0.7520352352559132,55.627399,-6.1901002,ok
524,17,1.9975911378860474,2022.0,,,,,,55.3717,-7.3343201,skipped (<20 years)
525,0,,,,,,,,55.007444,-1.439778,skipped (<20 years)
526,44,1.9998581409454346,2017.0,0.20965909315686515,1.2489022900943558,0.2748254184668415,0.10396234127340145,0.6896094371329828,55.749806,-4.906333,ok
527,37,1.9980862140655518,2019.0,-0.1772416233767929,1.0049052664581462,0.18864638858323518,0.07719933277578667,0.9679335598007526,55.989833,-3.181694,ok
528,25,1.9929097890853882,2005.0,1.2504353269956585,1.8504720913470645,0.1781091291479296,0.14482352337690985,0.6193632152657977,55.01826759,8.44140467,ok
53,35,1.9999139308929443,1992.0,1.2996488570961486,1.785648125328768,0.2784703093162675,0.36405458139854824,0.0001153768678311823,47.193451,-1.63367,ok
530,75,1.9995052814483643,1993.0,1.397175495345294,1.9285902226245644,0.09908078243958329,0.06803178044300551,0.8547967432392366,55.4667,8.4333,ok
531,35,1.9895248413085938,2018.0,-0.1637638949273995,0.8919752598373132,0.20432081792755225,0.09022684540047987,0.9137554386166111,55.989799,-3.1803999,ok
532,35,1.7781012058258057,2024.0,0.15589673104601456,1.1753788504297082,0.21153432181135867,0.09398094728037504,0.8882522147369594,55.749699,-4.9046998,ok
533,35,1.9994016885757446,2018.0,-0.027140171943078613,0.9506086646313541,0.2517216588758031,0.09366486241413885,0.8905247265314961,55.0,-1.4333301,ok
534,20,0.8045584559440613,2005.0,0.06911603492664589,0.6657527272858274,0.04616824307568533,0.10853149472824575,0.9523763173083913,55.5667,9.75,ok
535,19,0.9027341604232788,2015.0,,,,,,55.0,9.9833002,skipped (<20 years)
536,11,0.7262186408042908,2014.0,,,,,,55.266701,9.8832998,skipped (<20 years)
537,11,1.9925143718719482,2018.0,,,,,,55.466702,8.4333,skipped (<20 years)
538,11,1.9975121021270752,2020.0,,,,,,55.016998,8.441,skipped (<20 years)
54,34,1.4457333087921143,2023.0,1.1550009668223342,0.6571690454445397,0.9107924865679906,0.3307274269168726,0.0008148540416570427,48.641102,-2.0276,ok
540,10,1.7630386352539062,2020.0,,,,,,55.130798,8.6858997,skipped (<20 years)
541,10,1.288820743560791,2017.0,,,,,,55.1833,8.6833,skipped (<20 years)
542,10,1.9797770977020264,2020.0,,,,,,55.087002,8.5654001,skipped (<20 years)
544,10,1.9961552619934082,2018.0,,,,,,55.283298,8.5832996,skipped (<20 years)
545,10,1.9946688413619995,2016.0,,,,,,55.333302,8.6833,skipped (<20 years)
546,35,1.9998306035995483,2003.0,0.16874114900251697,1.1706600105382285,0.32195544064384063,0.09537024098569913,0.878005035669817,56.623111,-6.064222,ok
547,35,1.9338120222091675,2023.0,0.012937754288628676,0.9536637817064855,0.2437255726780171,0.07948032563471896,0.9672033100559441,56.6231,-6.0630999,ok
549,14,0.8130582571029663,2014.0,,,,,,56.633301,9.8000002,skipped (<20 years)
55,30,1.7214919328689575,1992.0,1.1282711413862718,0.0648356054912024,1.8691575253752892,0.4659301427998345,1.7296034240600323e-06,47.305672,-2.0883,ok
550,10,1.9999501705169678,2017.0,,,,,,56.524601,8.1152,skipped (<20 years)
551,10,1.3234121799468994,2019.0,,,,,,56.7075,8.2089996,skipped (<20 years)
553,55,1.9999146461486816,2004.0,0.3454988800822305,0.8224743140706616,0.491552227648558,0.22340695120487575,0.006821035107245965,57.89525,-5.158056,ok
554,35,1.9865853786468506,2017.0,-0.2134729363142256,0.8548785902401187,0.16170515650647743,0.09767701766966908,0.8601041479867344,57.8955,-5.1567998,ok
557,0,,,,,,,,57.144028,-2.080222,skipped (<20 years)
558,0,,,,,,,,57.59916667,-4.00877778,skipped (<20 years)
559,35,1.1875998973846436,2011.0,0.23153640153306534,0.7761409020189041,0.16756856678796547,0.09232950947490215,0.899876351649217,57.150002,-2.0833299,ok
56,27,1.1494978666305542,2023.0,0.46628956207930455,0.647166153120255,0.2589729571274425,0.15653553896059985,0.4752571884980912,47.5429,-2.8954,ok
564,0,,,,,,,,58.208,-6.388,skipped (<20 years)
565,46,1.997979998588562,2008.0,-0.050550683489484535,0.7605014435189339,0.1923416352394336,0.13910421037492005,0.3065146454916218,58.207722,-6.388889,ok
566,33,1.9996682405471802,2015.0,1.344967873922243,1.3333772204602345,0.8961400166998219,0.30975117224696413,0.002609332139182796,58.456694,-5.050222,ok
567,35,1.0721553564071655,2005.0,0.18420018476818062,0.6922379328479795,0.1368995664576011,0.09243598833250932,0.8991456745828372,58.216702,-6.3833299,ok
568,33,1.998467206954956,2018.0,0.047699768381835414,0.8825526823939933,0.30066862800930594,0.14018946782815678,0.49202173604038657,58.457199,-5.0496001,ok
57,26,1.0605788230895996,2023.0,0.0667476380337122,0.6492451469875653,0.09492858338611099,0.11237399707596285,0.8618922442521366,47.873798,-3.9075999,ok
570,75,0.999835193157196,1990.0,0.17665142624924413,0.6306800412513769,0.12058135483845822,0.07435866144327172,0.773179576759366,58.0,7.567,ok
571,59,1.9969425201416016,2015.0,-0.43422390246122167,0.7441944512159615,0.22737672552631155,0.118519708496443,0.35074566574272026,58.440972,-3.086389,ok
572,74,0.9817594289779663,1990.0,-0.08305532877178042,0.567977342263374,0.09093374554157835,0.07456709115235982,0.7769906351905974,58.974339,5.730121,ok
573,75,1.0224450826644897,1990.0,0.04707446882980888,0.6237336139897056,0.10676462945003473,0.08085491530372876,0.6803879249759729,58.006377,7.554759,ok
574,50,1.3501859903335571,1990.0,0.22770272567376643,0.8030169802721523,0.18802259610143424,0.09444103496195716,0.7283237577839268,58.995212,9.856379,ok
575,74,0.9540472626686096,1990.0,-0.043692570865682,0.5425168797522575,0.06216985355918549,0.0930420105651274,0.5136169562178681,58.974339,5.7301211,ok
576,75,0.6260185241699219,1967.0,0.5090463479037334,0.5275851294919232,0.05436539626667822,0.05721030935184995,0.9549876921743464,58.006378,7.554759,ok
577,50,0.8081161975860596,2020.0,0.5229142787292025,0.669786595924194,0.07681648000627364,0.07534656161257114,0.9186569265249949,58.995213,9.8563786,ok
578,35,1.8599485158920288,2015.0,-0.03282403929936506,0.7105527839846622,0.18333192154150113,0.1051601019369765,0.7955961384308627,58.4333,-3.0833299,ok
58,19,1.3281257152557373,2018.0,,,,,,47.88092,-4.1159801,skipped (<20 years)
59,19,1.999903917312622,2006.0,,,,,,48.588699,-3.8382599,skipped (<20 years)
6,55,1.2808825969696045,1987.0,0.15794901911473133,0.6099564583691234,0.15552219583042853,0.12350748081329505,0.34264842530104445,47.644274,-3.445852,ok
60,18,1.4294664859771729,2017.0,,,,,,46.007359,-1.17434,skipped (<20 years)
61,15,1.4315695762634277,1967.0,,,,,,45.453671,-0.92304999,skipped (<20 years)
65,12,1.607662558555603,2009.0,,,,,,45.335571,-0.79517001,skipped (<20 years)
7,55,1.3519645929336548,1987.0,-0.007140256642916553,0.5925608029996288,0.1311303997726588,0.11819714692078087,0.3950920382413061,48.359098,-4.78075,ok
70,10,1.9861570596694946,2009.0,,,,,,45.040482,-0.60351998,skipped (<20 years)
8,52,1.3402248620986938,1984.0,-0.16828022857190095,0.6203329780125281,0.09793086671572251,0.04685763689497191,0.9995486781738139,48.718426,-3.965679,ok
84,32,1.9986730813980103,2018.0,-0.49928158845164183,0.48837453360287103,0.13206675295828663,0.12878186650779755,0.6174886158419837,49.917833,-6.317139,ok
85,31,1.9925780296325684,2018.0,-0.2018090190700641,0.4755577159666311,0.11089497145244079,0.10465155012177929,0.8516416809339091,49.9179,-6.3155999,ok
87,33,1.9617345333099365,1998.0,-0.24108575357088294,0.7939917746275322,0.16936355853870702,0.12608810133135973,0.6252055103055535,49.183333,-2.116667,ok
88,64,1.7335519790649414,1966.0,0.39568960723363356,1.0178444219778373,0.30961887249886233,0.11665903247669782,0.32301829204121446,49.92917,1.08449,ok
89,59,1.9630098342895508,1990.0,0.22805565269249065,1.0197346320207679,0.315164122809506,0.10979045455925818,0.444025606072036,49.481892,0.10598,ok
9,44,1.5183618068695068,2010.0,0.20052849938920306,0.790136254261345,0.23881714219956235,0.0981930886470348,0.7531725046661583,46.15850067,-1.22064996,ok
90,52,1.2944207191467285,1990.0,0.009627208634422676,0.6947123243254238,0.13076816107475753,0.08752415164549682,0.7881347217179709,49.651447,-1.635508,ok
93,64,1.7335959672927856,1966.0,0.39564557880071205,1.0179396608114488,0.30958539452456224,0.11669576025662562,0.32265970200069405,49.93,1.085,ok
94,59,1.9630073308944702,1990.0,0.2281313791867515,1.0198110061281933,0.3152578447227703,0.10978711365506544,0.4440637807983234,49.481602,0.1056,ok
95,52,1.2944964170455933,1990.0,0.009697811856934462,0.6948364743764015,0.13075601100707562,0.08679136474401572,0.796347913273362,49.651299,-1.6355,ok
96,0,,,,,,,,49.431831,0.11067,skipped (<20 years)
97,33,1.7689331769943237,2023.0,-0.08307985744180654,0.8100321297410201,0.1334481131217826,0.11574408127255453,0.7255184851490437,49.1833,-2.1166999,ok
99,12,1.9270135164260864,2018.0,,,,,,49.48378,0.11458,skipped (<20 years)
