latitude,longitude,Wave_NC,Wave_Atlantic,Current,CVI_Intermediate,CVI_Lower,CVI_No data,"CoastType_Artificial shoreline (walk, dike, quay) without beach","CoastType_Beach that is part of extensive non-cohesive sedimentary systems (barrier, spit, tombolo)",CoastType_Beach with rocky platform,CoastType_Coastal embankment with construction,"CoastType_Erodible rock and/or cliff, with rock waste and sediments (sand or pebbles) at its base","CoastType_Erosion-resistant rock and/or cliff, without loose eroded material in the fronting sea",CoastType_Estuary,CoastType_Gravel beach fronting upland (> 1 km long),CoastType_Harbor area,CoastType_Heterogeneous beach,"CoastType_Muddy coastline, including tidal flat, salt marsh",CoastType_Pocket beaches (< 200 m long),CoastType_Sand beach fronting upland (> 1 Km long),CoastType_Small beaches,CoastType_Vegetated (‘green’) beach,Cluster
50.0,1.0,1,0.3,5.2631,False,False,True,False,False,False,False,False,False,False,False,True,False,False,False,False,False,False,2
50.0,0.75,1,0.43,6.6141,False,False,True,False,False,False,False,False,False,False,False,False,False,False,False,False,True,False,0
49.75,0.75,1,0.29,5.7105,False,False,True,False,False,False,False,True,False,False,False,False,False,False,False,False,False,False,0
49.75,0.5,1,0.27,5.8718,False,False,True,False,False,False,False,True,False,False,False,False,False,False,False,False,False,False,0
49.75,0.25,1,0.92,9.2117,False,False,True,False,False,False,False,False,False,False,False,True,False,False,False,False,False,False,2
50.0,1.25,1,0.3,4.2702,False,False,True,False,False,False,False,True,False,False,False,False,False,False,False,False,False,False,0
49.5,0.25,1,118.4,6.2826,False,False,True,False,False,False,False,True,False,False,False,False,False,False,False,False,False,False,0
49.5,-1.0,1,0.04,12.5462,False,False,True,False,False,False,False,True,False,False,False,False,False,False,False,False,False,False,0
49.5,-1.25,1,0.0,7.2967,False,False,True,False,False,False,False,False,False,False,False,False,True,False,False,False,False,False,0
49.75,-2.0,1,0.0,3.2621,False,False,False,False,False,False,False,False,True,False,False,False,False,False,False,False,False,False,0
49.75,-1.75,1,0.0,5.858,False,False,True,False,False,True,False,False,False,False,False,False,False,False,False,False,False,False,0
51.0,1.75,1,1.59,8.1439,False,False,True,False,False,False,False,False,False,False,False,True,False,False,False,False,False,False,2
50.75,1.5,1,3.43,7.7735,False,False,True,False,False,False,False,True,False,False,False,False,False,False,False,False,False,False,0
49.5,0.0,1,25.42,8.726,False,False,True,False,False,False,False,True,False,False,False,False,False,False,False,False,False,False,0
49.5,0.5,1,0.07,4.5649,False,False,True,False,False,False,False,False,False,True,False,False,False,False,False,False,False,False,0
49.5,-1.75,1,0.0,2.2674,False,False,True,False,False,False,False,False,False,False,False,False,False,True,False,False,False,False,0
49.75,-1.25,1,0.51,14.0669,False,False,True,False,False,True,False,False,False,False,False,False,False,False,False,False,False,False,0
49.75,-1.5,1,0.03,9.1876,False,False,True,False,False,True,False,False,False,False,False,False,False,False,False,False,False,False,0
50.5,1.5,1,0.44,5.2819,False,False,True,False,False,False,False,False,False,True,False,False,False,False,False,False,False,False,0
50.25,1.5,1,0.41,5.5644,False,False,True,False,False,False,False,False,False,False,False,False,False,True,False,False,False,False,0
50.25,1.75,1,0.51,4.324,False,False,False,False,False,False,False,False,False,False,False,True,False,False,False,False,False,False,2
50.0,1.5,1,0.48,4.4233,False,False,False,False,False,False,False,True,False,False,False,False,False,False,False,False,False,False,0
49.5,-2.0,1,0.0,2.0815,False,False,False,False,False,False,True,False,False,False,False,False,False,False,False,False,False,False,0
55.25,-7.5,1,72.77,32.5639,False,False,True,False,False,False,False,False,False,False,False,False,False,False,True,False,False,False,0
54.25,-9.25,1,0.0,0.7348,False,False,True,False,False,False,False,False,True,False,False,False,False,False,False,False,False,False,0
53.75,-9.75,1,0.0,0.5467,False,False,True,False,False,False,False,False,False,False,False,False,False,False,False,True,False,False,0
53.25,-9.75,1,0.0,1.3495,False,False,True,False,False,True,False,False,False,False,False,False,False,False,False,False,False,False,0
53.0,-9.75,1,0.0,1.6468,False,False,False,False,False,False,False,False,True,False,False,False,False,False,False,False,False,False,0
54.5,-8.5,1,1.01,9.7926,False,False,True,False,False,False,False,False,True,False,False,False,False,False,False,False,False,False,0
54.5,-8.75,1,1.46,10.8263,False,False,False,False,False,False,False,False,True,False,False,False,False,False,False,False,False,False,0
54.75,-8.75,1,1.83,10.0168,False,False,True,False,False,False,False,False,False,False,False,False,False,False,True,False,False,False,0
55.25,-7.75,1,36.71,10.9303,False,False,True,False,False,False,False,False,False,False,False,False,False,False,True,False,False,False,0
51.75,-8.5,1,0.0,1.7438,False,False,False,False,False,False,False,False,False,True,False,False,False,False,False,False,False,False,0
54.25,-8.5,1,1.38,9.0705,False,False,True,False,False,False,False,False,False,False,False,False,False,False,False,True,False,False,0
51.75,-9.75,1,0.0,2.3016,False,False,True,False,False,False,False,False,True,False,False,False,False,False,False,False,False,False,0
51.75,-10.0,1,0.0,2.3652,False,False,True,False,False,False,False,False,True,False,False,False,False,False,False,False,False,False,0
55.0,-7.5,1,2.44,10.212,False,False,True,False,False,False,False,False,False,False,True,False,False,False,False,False,False,False,0
55.0,-7.75,1,0.53,3.0403,False,False,False,True,False,False,False,False,False,False,False,False,False,False,False,False,False,False,0
54.75,-8.5,1,2.86,9.2541,False,False,True,False,False,False,False,False,True,False,False,False,False,False,False,False,False,False,0
55.0,-8.5,1,2.88,7.2015,False,False,True,False,False,False,False,False,True,False,False,False,False,False,False,False,False,False,0
55.0,-8.25,1,0.97,3.8953,False,False,True,False,False,False,False,False,False,False,False,False,False,False,True,False,False,False,0
51.75,-8.25,1,0.0,1.926,False,False,True,False,False,False,False,False,False,False,False,False,False,False,True,False,False,False,0
54.5,-8.25,1,0.36,7.2529,False,False,True,False,False,False,False,False,True,False,False,False,False,False,False,False,False,False,0
53.25,-6.0,3,0.73,3.3627,False,True,False,False,False,False,False,False,False,False,True,False,False,False,False,False,False,False,0
53.25,-9.0,1,0.64,10.3839,False,False,True,False,False,False,False,False,False,False,True,False,False,False,False,False,False,False,0
51.75,-8.75,1,0.0,1.6475,False,False,True,False,False,False,False,False,True,False,False,False,False,False,False,False,False,False,0
52.5,-9.5,1,0.0,2.6379,False,False,True,False,False,False,True,False,False,False,False,False,False,False,False,False,False,False,0
52.75,-9.5,1,0.0,2.9287,False,False,True,False,False,False,False,False,False,False,True,False,False,False,False,False,False,False,0
51.75,-9.5,1,0.0,1.9318,False,False,True,False,False,False,False,False,False,False,False,False,False,False,True,False,False,False,0
55.25,-7.0,1,136.2,673.1111,False,False,True,False,False,False,False,False,True,False,False,False,False,False,False,False,False,False,0
55.25,-7.25,1,70.94,103.9228,False,False,True,False,False,False,False,False,True,False,False,False,False,False,False,False,False,False,0
55.0,-7.25,1,77.26,49.3759,False,False,True,False,False,False,True,False,False,False,False,False,False,False,False,False,False,False,0
52.25,-10.25,1,0.0,1.0401,False,False,True,False,False,False,False,False,True,False,False,False,False,False,False,False,False,False,0
51.5,-9.5,1,0.0,1.6967,False,False,True,False,False,False,False,False,True,False,False,False,False,False,False,False,False,False,0
51.5,-10.0,1,0.0,2.4036,False,False,True,False,False,False,False,False,True,False,False,False,False,False,False,False,False,False,0
53.75,-10.0,1,0.0,0.5135,False,False,False,False,False,False,False,False,True,False,False,False,False,False,False,False,False,False,0
54.25,-8.75,1,1.78,8.5954,False,False,True,False,False,False,False,False,True,False,False,False,False,False,False,False,False,False,0
54.0,-10.0,1,0.0,0.4248,False,False,True,False,False,False,True,False,False,False,False,False,False,False,False,False,False,False,0
53.5,-10.0,1,0.0,0.7252,False,False,True,False,False,False,False,False,True,False,False,False,False,False,False,False,False,False,0
51.75,-8.0,1,0.0,2.8004,False,False,True,False,False,False,False,True,False,False,False,False,False,False,False,False,False,False,0
52.0,-7.75,1,0.0,2.4822,False,False,True,False,False,False,False,False,True,False,False,False,False,False,False,False,False,False,0
53.5,-6.0,1,1.8,10.5807,False,False,False,False,False,False,False,False,False,False,False,False,False,False,True,False,False,False,0
53.5,-6.25,1,0.08,2.6482,False,False,False,False,True,False,False,False,False,False,False,False,False,False,False,False,False,False,0
51.5,-9.75,1,0.0,2.3445,False,False,True,False,False,False,False,True,False,False,False,False,False,False,False,False,False,False,0
53.5,-10.25,1,0.0,0.7409,False,False,True,False,False,False,False,False,False,False,False,False,False,False,False,False,True,False,0
52.75,-9.25,1,0.0,5.2755,False,False,False,False,False,False,False,False,False,True,False,False,False,False,False,False,False,False,0
52.5,-9.25,1,0.0,4.3097,False,False,True,False,False,False,False,False,False,False,False,False,False,True,False,False,False,False,0
52.25,-7.0,1,14.14,18.4301,False,False,True,False,False,True,False,False,False,False,False,False,False,False,False,False,False,False,0
52.25,-9.75,1,0.0,1.5618,False,False,True,False,False,False,True,False,False,False,False,False,False,False,False,False,False,False,0
52.5,-9.75,1,0.0,1.7048,False,False,True,False,False,False,False,False,False,False,False,False,False,False,False,True,False,False,0
52.25,-10.0,1,0.0,1.2365,False,False,True,False,False,False,False,False,True,False,False,False,False,False,False,False,False,False,0
52.0,-10.25,1,0.0,0.8324,False,False,True,False,False,True,False,False,False,False,False,False,False,False,False,False,False,False,0
51.5,-9.25,1,0.0,1.3649,False,False,True,False,False,False,False,False,True,False,False,False,False,False,False,False,False,False,0
54.75,-8.25,1,1.06,5.9217,False,False,True,False,True,False,False,False,False,False,False,False,False,False,False,False,False,False,0
55.25,-8.0,1,29.06,6.6269,False,False,True,False,False,False,False,False,True,False,False,False,False,False,False,False,False,False,0
51.75,-10.25,1,0.0,1.5409,False,False,True,False,False,False,False,False,False,True,False,False,False,False,False,False,False,False,0
51.5,-8.75,1,0.0,1.5801,False,False,True,False,False,False,False,False,False,False,False,False,False,False,False,False,True,False,0
54.25,-9.0,1,0.0,1.2491,False,False,True,False,False,False,False,True,False,False,False,False,False,False,False,False,False,False,0
51.5,-9.0,1,0.0,1.4303,False,False,True,False,False,False,False,False,True,False,False,False,False,False,False,False,False,False,0
53.25,-9.25,1,0.03,6.7118,False,False,True,False,False,False,False,False,False,False,False,False,False,False,False,False,False,True,0
53.75,-10.25,1,0.0,0.5295,False,False,False,False,False,False,False,False,False,False,False,False,False,False,False,False,True,False,0
52.0,-8.0,1,0.0,1.9759,False,False,True,False,False,False,False,False,False,True,False,False,False,False,False,False,False,False,0
52.0,-7.5,1,0.0,5.6404,False,False,True,False,False,False,False,False,True,False,False,False,False,False,False,False,False,False,0
52.25,-6.75,1,12.34,20.8875,False,False,True,False,False,False,False,False,True,False,False,False,False,False,False,False,False,False,0
52.25,-6.5,1,13.96,25.8327,False,False,True,False,False,False,False,False,False,True,False,False,False,False,False,False,False,False,0
54.25,-10.25,1,0.0,0.549,False,False,False,False,False,False,False,False,True,False,False,False,False,False,False,False,False,False,0
54.0,-10.25,1,0.0,0.4399,False,False,True,False,False,False,False,False,True,False,False,False,False,False,False,False,False,False,0
52.0,-10.5,1,0.0,0.777,False,False,False,False,False,False,False,False,True,False,False,False,False,False,False,False,False,False,0
52.25,-10.5,1,0.0,0.9407,False,False,False,False,False,False,False,False,True,False,False,False,False,False,False,False,False,False,0
52.0,-10.0,1,0.0,1.051,False,False,True,False,True,False,False,False,False,False,False,False,False,False,False,False,False,False,0
53.25,-6.25,1,154.61,13.2159,False,True,False,False,False,False,False,False,False,False,False,True,False,False,False,False,False,False,2
54.0,-6.0,3,22.43,49.553,False,False,False,False,False,False,False,False,False,False,True,False,False,False,False,False,False,False,0
54.0,-6.25,3,4.17,19.0383,False,True,False,False,False,False,False,False,False,False,True,False,False,False,False,False,False,False,0
54.25,-10.0,1,0.0,0.5204,False,False,True,False,True,False,False,False,False,False,False,False,False,False,False,False,False,False,0
52.25,-6.25,1,20.38,66.7808,False,False,False,False,False,False,False,False,False,False,False,False,False,False,False,False,True,False,0
53.75,-6.25,3,0.08,2.8986,False,False,True,False,False,False,False,False,False,False,True,False,False,False,False,False,False,False,0
51.5,-10.25,1,0.0,1.9738,False,False,False,False,False,False,False,False,True,False,False,False,False,False,False,False,False,False,0
53.0,-6.0,1,2.46,15.9108,True,False,False,False,True,False,False,False,False,False,False,False,False,False,False,False,False,False,0
52.25,-7.25,3,6.38,14.4834,False,False,True,False,False,False,False,False,False,False,False,False,False,False,False,True,False,False,0
53.0,-9.25,1,0.0,6.2543,False,False,True,False,False,False,False,False,False,True,False,False,False,False,False,False,False,False,0
52.5,-6.25,0,-3.4028230000000003e+38,13.3318,False,False,True,False,False,False,False,False,False,False,False,False,False,False,False,True,False,False,0
55.25,-8.25,1,25.49,7.3451,False,False,True,False,False,False,False,False,True,False,False,False,False,False,False,False,False,False,0
54.25,-9.5,1,0.0,0.5562,False,False,True,False,False,False,False,False,True,False,False,False,False,False,False,False,False,False,0
54.25,-9.75,1,0.0,0.4819,False,False,True,False,False,False,False,False,False,False,False,False,False,False,False,False,True,False,0
54.0,-9.75,1,0.0,0.422,False,False,True,False,False,False,False,False,False,False,True,False,False,False,False,False,False,False,0
54.0,-9.5,1,0.0,0.4815,False,False,False,False,False,False,True,False,False,False,False,False,False,False,False,False,False,False,0
53.0,-9.5,1,0.0,2.8379,False,False,True,False,False,False,False,False,False,False,False,True,False,False,False,False,False,False,2
52.25,-7.5,1,1.73,12.1767,False,False,False,False,False,False,False,False,False,False,False,False,False,False,True,False,False,False,0
52.75,-6.25,1,0.07,8.0491,True,False,False,False,False,False,False,False,False,False,False,False,False,False,False,True,False,False,0
55.5,-7.5,1,130.74,32.1455,False,False,False,False,False,False,False,False,True,False,False,False,False,False,False,False,False,False,0
55.5,-7.25,3,865.09,13.9681,False,False,True,False,False,False,False,False,False,False,True,False,False,False,False,False,False,False,0
52.75,-6.0,1,0.46,18.6275,False,False,False,False,False,False,False,False,False,False,False,False,False,False,False,True,False,False,0
53.25,-9.5,1,0.0,2.2868,False,False,True,False,False,False,False,False,True,False,False,False,False,False,False,False,False,False,0
52.75,-9.75,1,0.0,1.6934,False,False,True,False,False,False,False,False,False,False,False,False,False,False,True,False,False,False,0
51.5,-8.5,1,0.0,1.7786,False,False,False,False,False,False,False,False,True,False,False,False,False,False,False,False,False,False,0
53.75,-9.5,1,0.0,0.6982,False,False,True,False,False,False,False,False,False,True,False,False,False,False,False,False,False,False,0
53.25,-10.0,1,0.0,1.0604,False,False,False,False,False,False,False,False,False,False,False,False,False,False,True,False,False,False,0
53.5,-9.75,1,0.0,0.8303,False,False,True,False,False,False,False,False,True,False,False,False,False,False,False,False,False,False,0
53.5,-9.5,1,0.0,1.1161,False,False,False,False,False,True,False,False,False,False,False,False,False,False,False,False,False,False,0
52.5,-10.0,1,0.0,1.3665,False,False,False,False,False,False,False,False,True,False,False,False,False,False,False,False,False,False,0
51.75,-10.5,1,0.0,0.9933,False,False,False,False,False,False,False,False,True,False,False,False,False,False,False,False,False,False,0
50.5,-2.25,1,2.06,14.9003,False,True,False,False,False,False,False,True,False,False,False,False,False,False,False,False,False,False,0
52.5,1.75,1,0.28,10.7292,True,False,False,False,False,False,False,False,False,False,True,False,False,False,False,False,False,False,0
56.25,-5.75,0,-3.4028230000000003e+38,-3.4028230000000003e+38,False,True,False,False,False,False,False,False,False,False,True,False,False,False,False,False,False,False,1
60.0,-1.25,0,-3.4028230000000003e+38,-3.4028230000000003e+38,False,True,False,False,False,False,False,False,True,False,False,False,False,False,False,False,False,False,1
57.25,-6.0,3,1095.01,29.7106,False,True,False,False,False,False,False,True,False,False,False,False,False,False,False,False,False,False,0
59.75,-1.25,0,-3.4028230000000003e+38,-3.4028230000000003e+38,False,True,False,False,False,False,False,False,True,False,False,False,False,False,False,False,False,False,1
60.75,-1.0,1,25.38,771.2309,False,False,False,False,False,False,False,False,True,False,False,False,False,False,False,False,False,False,0
60.5,-1.0,1,26.63,902.7628,False,True,False,False,False,False,False,False,True,False,False,False,False,False,False,False,False,False,0
57.75,-2.25,0,-3.4028230000000003e+38,-3.4028230000000003e+38,False,True,False,False,False,False,False,False,True,False,False,False,False,False,False,False,False,False,1
57.75,-2.5,0,-3.4028230000000003e+38,-3.4028230000000003e+38,False,True,False,False,False,False,False,False,True,False,False,False,False,False,False,False,False,False,1
57.75,-2.75,0,-3.4028230000000003e+38,-3.4028230000000003e+38,False,True,False,False,False,False,False,False,True,False,False,False,False,False,False,False,False,False,1
57.75,-4.0,0,-3.4028230000000003e+38,-3.4028230000000003e+38,False,True,False,False,False,False,False,True,False,False,False,False,False,False,False,False,False,False,1
57.75,-5.75,1,140.6,444.6204,False,True,False,False,False,False,False,True,False,False,False,False,False,False,False,False,False,False,0
51.75,1.0,1,0.16,9.2805,True,False,False,False,False,False,False,False,False,False,False,False,False,True,False,False,False,False,0
51.75,1.25,1,0.45,8.7262,True,False,False,False,False,False,False,False,False,False,True,False,False,False,False,False,False,False,0
51.75,0.75,1,0.29,9.9307,True,False,False,False,False,False,False,False,False,False,False,False,False,True,False,False,False,False,0
52.0,1.25,1,0.91,12.0349,True,False,False,False,False,False,False,False,False,False,False,False,False,True,False,False,False,False,0
51.5,1.0,1,1.28,10.8165,True,False,False,False,False,False,False,False,False,False,False,False,False,True,False,False,False,False,0
51.0,1.25,1,1.41,9.1157,False,False,False,False,False,False,False,True,False,False,False,False,False,False,False,False,False,False,0
51.5,0.75,1,0.28,8.5809,False,False,False,False,False,False,False,False,False,False,False,False,False,True,False,False,False,False,0
50.25,-4.5,0,-3.4028230000000003e+38,-3.4028230000000003e+38,False,True,False,False,False,False,False,False,False,True,False,False,False,False,False,False,False,False,1
50.0,-5.0,0,-3.4028230000000003e+38,-3.4028230000000003e+38,False,False,False,False,False,False,False,False,True,False,False,False,False,False,False,False,False,False,1
50.25,-5.0,0,-3.4028230000000003e+38,-3.4028230000000003e+38,False,True,False,False,False,False,False,False,False,True,False,False,False,False,False,False,False,False,1
56.25,-3.25,0,-3.4028230000000003e+38,-3.4028230000000003e+38,False,True,False,False,False,False,False,False,False,False,False,False,False,True,False,False,False,False,1
57.75,-3.5,0,-3.4028230000000003e+38,-3.4028230000000003e+38,False,True,False,False,False,False,False,False,False,False,False,False,False,False,True,False,False,False,1
57.25,-5.75,1,1.03,77.8294,False,True,False,False,False,False,False,False,True,False,False,False,False,False,False,False,False,False,0
57.0,-5.75,1,1.22,26.6061,False,True,False,False,False,False,False,True,False,False,False,False,False,False,False,False,False,False,0
56.0,-5.25,1,0.0,102.1035,False,True,False,False,False,False,False,False,False,False,False,False,True,False,False,False,False,False,0
55.75,-5.25,1,5.91,79.121,False,True,False,False,False,False,False,False,False,False,False,False,False,False,False,False,True,False,0
56.0,-2.75,0,-3.4028230000000003e+38,-3.4028230000000003e+38,False,True,False,False,False,False,False,False,True,False,False,False,False,False,False,False,False,False,1
52.25,1.5,1,0.26,8.9623,False,False,False,False,False,False,False,False,False,False,True,False,False,False,False,False,False,False,0
52.25,1.75,1,0.23,9.3674,True,False,False,False,False,False,False,False,False,False,False,True,False,False,False,False,False,False,2
53.0,-4.5,0,-3.4028230000000003e+38,-3.4028230000000003e+38,False,True,False,False,False,False,False,True,False,False,False,False,False,False,False,False,False,False,1
51.0,1.0,1,1.54,10.2487,True,False,False,False,False,False,False,False,False,False,True,False,False,False,False,False,False,False,0
51.5,1.5,1,2.45,8.577,False,False,False,False,False,False,False,True,False,False,False,False,False,False,False,False,False,False,0
50.75,-4.75,1,0.0,6.5681,False,True,False,False,False,False,False,False,True,False,False,False,False,False,False,False,False,False,0
50.5,-5.25,0,-3.4028230000000003e+38,-3.4028230000000003e+38,False,False,False,False,False,False,False,False,True,False,False,False,False,False,False,False,False,False,1
50.75,-1.0,3,105.1,0.4552,False,True,False,False,False,False,False,False,False,False,False,False,False,True,False,False,False,False,0
57.5,-7.5,0,-3.4028230000000003e+38,-3.4028230000000003e+38,False,False,False,False,False,False,False,False,False,False,False,False,False,False,True,False,False,False,1
57.5,-7.25,0,-3.4028230000000003e+38,-3.4028230000000003e+38,False,True,False,False,False,False,False,False,True,False,False,False,False,False,False,False,False,False,1
57.25,-7.5,0,-3.4028230000000003e+38,-3.4028230000000003e+38,False,True,False,False,False,False,False,False,False,False,False,False,False,False,False,True,False,False,1
57.75,-7.25,0,-3.4028230000000003e+38,-3.4028230000000003e+38,False,True,False,False,True,False,False,False,False,False,False,False,False,False,False,False,False,False,1
57.75,-7.5,0,-3.4028230000000003e+38,-3.4028230000000003e+38,False,True,False,False,False,False,False,False,False,False,False,False,True,False,False,False,False,False,1
57.75,-6.25,0,-3.4028230000000003e+38,-3.4028230000000003e+38,False,True,False,False,False,False,False,False,True,False,False,False,False,False,False,False,False,False,1
57.5,-6.25,0,-3.4028230000000003e+38,-3.4028230000000003e+38,False,True,False,False,False,False,False,True,False,False,False,False,False,False,False,False,False,False,1
57.75,-6.5,0,-3.4028230000000003e+38,-3.4028230000000003e+38,False,False,False,False,False,False,False,False,False,False,True,False,False,False,False,False,False,False,1
56.75,-6.0,0,-3.4028230000000003e+38,-3.4028230000000003e+38,False,True,False,False,False,False,False,False,False,False,False,False,False,False,False,False,True,False,1
56.5,-5.25,1,0.85,25.1506,False,True,False,False,False,False,False,True,False,False,False,False,False,False,False,False,False,False,0
58.5,-3.5,0,-3.4028230000000003e+38,-3.4028230000000003e+38,False,True,False,False,False,False,False,False,False,False,False,True,False,False,False,False,False,False,2
58.5,-3.75,0,-3.4028230000000003e+38,-3.4028230000000003e+38,False,True,False,False,False,False,False,False,True,False,False,False,False,False,False,False,False,False,1
57.5,-6.0,3,214.33,4.0131,False,False,False,False,False,False,False,False,False,False,False,False,False,False,True,False,False,False,0
57.5,-5.75,1,5.57,178.5177,False,True,False,False,False,False,False,False,False,False,False,False,False,False,False,False,True,False,0
58.25,-5.25,1,4.21,280.3063,False,True,False,False,False,False,False,False,True,False,False,False,False,False,False,False,False,False,0
57.5,-7.0,0,-3.4028230000000003e+38,-3.4028230000000003e+38,False,False,False,False,False,False,False,False,True,False,False,False,False,False,False,False,False,False,1
57.75,-7.0,0,-3.4028230000000003e+38,-3.4028230000000003e+38,False,True,False,False,False,False,False,False,False,False,False,False,True,False,False,False,False,False,1
57.5,-4.0,3,23.99,110.1637,False,True,False,False,True,False,False,False,False,False,False,False,False,False,False,False,False,False,0
58.75,-3.0,0,-3.4028230000000003e+38,-3.4028230000000003e+38,False,True,False,False,False,False,False,False,True,False,False,False,False,False,False,False,False,False,1
58.75,-3.25,0,-3.4028230000000003e+38,-3.4028230000000003e+38,False,True,False,False,False,False,False,False,True,False,False,False,False,False,False,False,False,False,1
55.0,-3.25,0,-3.4028230000000003e+38,-3.4028230000000003e+38,False,True,False,False,False,False,False,False,False,True,False,False,False,False,False,False,False,False,1
54.25,-3.25,0,-3.4028230000000003e+38,-3.4028230000000003e+38,False,True,False,False,False,False,False,False,False,False,False,False,False,True,False,False,False,False,1
54.0,-3.0,0,-3.4028230000000003e+38,-3.4028230000000003e+38,False,True,False,False,False,False,False,True,False,False,False,False,False,False,False,False,False,False,1
54.25,-3.0,0,-3.4028230000000003e+38,-3.4028230000000003e+38,False,True,False,False,False,False,False,False,True,False,False,False,False,False,False,False,False,False,1
56.5,-3.25,0,-3.4028230000000003e+38,-3.4028230000000003e+38,False,False,False,False,False,False,False,False,False,False,False,False,False,True,False,False,False,False,1
56.5,-3.0,0,-3.4028230000000003e+38,-3.4028230000000003e+38,False,True,False,False,False,False,False,False,False,False,False,False,False,True,False,False,False,False,1
53.25,-4.5,0,-3.4028230000000003e+38,-3.4028230000000003e+38,False,True,False,False,False,False,False,True,False,False,False,False,False,False,False,False,False,False,1
53.5,-4.5,0,-3.4028230000000003e+38,-3.4028230000000003e+38,False,True,False,False,False,False,False,False,True,False,False,False,False,False,False,False,False,False,1
53.25,-4.75,0,-3.4028230000000003e+38,-3.4028230000000003e+38,False,False,False,False,False,False,False,False,False,False,False,True,False,False,False,False,False,False,2
50.0,-6.25,0,-3.4028230000000003e+38,-3.4028230000000003e+38,False,False,False,False,False,False,False,False,False,False,False,False,False,False,False,False,True,False,1
56.0,-2.25,0,-3.4028230000000003e+38,-3.4028230000000003e+38,False,True,False,False,False,False,False,False,False,False,False,False,False,False,True,False,False,False,1
56.0,-2.0,0,-3.4028230000000003e+38,-3.4028230000000003e+38,False,False,False,False,False,False,False,False,True,False,False,False,False,False,False,False,False,False,1
51.25,1.5,1,2.02,8.4635,True,False,False,False,False,False,False,True,False,False,False,False,False,False,False,False,False,False,0
51.25,1.25,1,2.68,9.5989,False,False,False,False,False,False,False,False,False,False,True,False,False,False,False,False,False,False,0
51.25,1.0,1,3.02,10.7752,False,False,False,False,False,False,False,False,False,False,True,False,False,False,False,False,False,False,0
56.5,-5.75,0,-3.4028230000000003e+38,-3.4028230000000003e+38,False,True,False,False,False,False,False,False,False,False,False,False,False,False,False,False,True,False,1
56.0,-3.5,3,0.0,660.5635,False,True,False,False,False,False,False,False,False,False,False,False,False,True,False,False,False,False,0
56.0,-3.75,0,-3.4028230000000003e+38,-3.4028230000000003e+38,False,True,False,False,False,False,True,False,False,False,False,False,False,False,False,False,False,False,1
60.25,-1.25,3,282.8,579.0059,False,True,False,False,False,False,False,False,False,False,False,False,True,False,False,False,False,False,0
54.0,-3.25,0,-3.4028230000000003e+38,-3.4028230000000003e+38,False,True,False,False,False,False,False,False,False,False,False,False,False,True,False,False,False,False,1
53.25,-3.75,3,33.99,2.8134,True,False,False,False,False,False,False,True,False,False,False,False,False,False,False,False,False,False,0
50.75,-3.0,1,0.09,14.698,False,True,False,False,False,False,False,True,False,False,False,False,False,False,False,False,False,False,0
50.75,-2.5,1,16.67,52.8011,False,False,False,False,False,False,False,True,False,False,False,False,False,False,False,False,False,False,0
50.75,-2.25,1,4.49,40.6098,False,False,False,False,False,False,False,True,False,False,False,False,False,False,False,False,False,False,0
55.0,-3.5,0,-3.4028230000000003e+38,-3.4028230000000003e+38,False,True,False,False,False,False,False,False,False,False,True,False,False,False,False,False,False,False,1
54.75,-3.5,0,-3.4028230000000003e+38,-3.4028230000000003e+38,False,True,False,False,False,False,False,False,False,False,True,False,False,False,False,False,False,False,1
54.75,-1.25,1,8.38,65.3131,False,True,False,False,False,False,False,False,False,False,False,False,False,False,False,True,False,False,0
52.75,0.25,1,0.03,15.3678,True,False,False,False,False,False,False,False,False,False,False,False,False,True,False,False,False,False,0
53.0,0.0,1,0.85,28.3365,True,False,False,False,False,False,False,False,False,False,False,False,False,False,False,False,False,True,0
53.0,-4.25,0,-3.4028230000000003e+38,-3.4028230000000003e+38,False,True,False,False,False,False,False,False,False,False,False,False,True,False,False,False,False,False,1
52.5,-4.0,0,-3.4028230000000003e+38,-3.4028230000000003e+38,False,True,False,False,False,False,False,False,False,False,False,False,False,True,False,False,False,False,1
53.0,1.0,1,0.04,17.1905,True,False,False,False,False,False,False,False,False,False,False,False,False,False,False,True,False,False,0
59.0,-3.0,0,-3.4028230000000003e+38,-3.4028230000000003e+38,False,True,False,False,True,False,False,False,False,False,False,False,False,False,False,False,False,False,1
58.25,-7.0,0,-3.4028230000000003e+38,-3.4028230000000003e+38,False,True,False,False,False,False,False,False,False,False,False,False,False,False,False,True,False,False,1
52.75,-4.0,0,-3.4028230000000003e+38,-3.4028230000000003e+38,False,True,False,False,True,False,False,False,False,False,False,False,False,False,False,False,False,False,1
51.75,-5.0,1,115.7,54.0661,False,True,False,False,False,False,False,False,False,False,False,True,False,False,False,False,False,False,2
51.75,-4.75,1,26.48,51.7998,False,True,False,False,False,False,False,False,True,False,False,False,False,False,False,False,False,False,0
51.75,-4.5,1,13.84,33.5095,False,True,False,False,False,False,False,False,False,False,True,False,False,False,False,False,False,False,0
56.75,-5.75,3,14.55,21.5014,False,True,False,False,False,False,False,False,False,False,False,False,False,False,False,False,True,False,0
60.75,-0.75,1,19.26,636.5575,False,True,False,False,False,False,False,False,True,False,False,False,False,False,False,False,False,False,0
53.0,0.75,1,0.07,18.058,True,False,False,False,False,False,True,False,False,False,False,False,False,False,False,False,False,False,0
51.25,0.75,1,0.69,9.3495,False,False,False,False,False,False,False,False,False,False,False,False,False,True,False,False,False,False,0
50.0,-5.75,0,-3.4028230000000003e+38,-3.4028230000000003e+38,False,True,False,False,False,False,False,False,False,False,False,False,False,False,False,True,False,False,1
60.75,-1.25,1,15.67,720.5797,False,False,False,False,False,False,False,False,False,True,False,False,False,False,False,False,False,False,0
60.5,-1.25,1,28.92,759.596,False,True,False,False,False,False,False,False,True,False,False,False,False,False,False,False,False,False,0
54.5,-1.0,1,6.55,47.429,False,True,False,False,False,False,False,True,False,False,False,False,False,False,False,False,False,False,0
50.75,-1.25,3,593.89,8.5601,False,True,False,False,False,False,False,False,False,False,False,False,False,False,False,True,False,False,0
50.75,-0.75,1,3.03,14.1414,False,True,False,False,False,False,False,True,False,False,False,False,False,False,False,False,False,False,0
51.0,-4.25,1,2.16,26.0756,False,True,False,False,False,False,False,False,False,False,False,False,False,False,False,True,False,False,0
50.5,-3.5,1,0.01,16.1519,True,False,False,False,False,False,False,True,False,False,False,False,False,False,False,False,False,False,0
53.25,-4.25,1,1.77,3.163,False,True,False,False,False,False,False,False,False,False,False,False,False,False,False,True,False,False,0
53.75,-0.5,1,3.28,68.1636,True,False,False,False,False,False,False,False,False,False,False,True,False,False,False,False,False,False,2
55.0,-3.0,0,-3.4028230000000003e+38,-3.4028230000000003e+38,False,True,False,False,False,False,False,False,False,True,False,False,False,False,False,False,False,False,1
55.0,-5.0,1,204.47,0.245,False,True,False,False,False,False,False,False,False,False,True,False,False,False,False,False,False,False,0
55.75,-6.25,0,-3.4028230000000003e+38,-3.4028230000000003e+38,False,True,False,False,False,False,False,False,False,True,False,False,False,False,False,False,False,False,1
54.75,-5.0,0,-3.4028230000000003e+38,-3.4028230000000003e+38,False,True,False,False,False,False,False,False,True,False,False,False,False,False,False,False,False,False,1
59.25,-3.0,0,-3.4028230000000003e+38,-3.4028230000000003e+38,False,True,False,False,False,False,False,False,True,False,False,False,False,False,False,False,False,False,1
59.0,-3.25,0,-3.4028230000000003e+38,-3.4028230000000003e+38,False,True,False,False,False,False,False,False,False,False,False,False,False,False,False,True,False,False,1
59.0,-2.75,0,-3.4028230000000003e+38,-3.4028230000000003e+38,False,True,False,False,False,False,False,False,True,False,False,False,False,False,False,False,False,False,1
57.75,-3.75,0,-3.4028230000000003e+38,-3.4028230000000003e+38,False,True,False,False,False,False,False,False,False,False,False,False,False,True,False,False,False,False,1
56.5,-5.5,0,-3.4028230000000003e+38,-3.4028230000000003e+38,False,True,False,False,False,False,False,False,True,False,False,False,False,False,False,False,False,False,1
56.25,-5.5,0,-3.4028230000000003e+38,-3.4028230000000003e+38,False,True,False,False,False,False,False,False,False,False,False,False,False,False,True,False,False,False,1
52.0,1.5,1,0.63,10.8705,True,False,False,False,False,False,False,False,False,False,True,False,False,False,False,False,False,False,0
51.5,-3.75,1,0.72,17.7514,False,True,False,False,False,False,False,False,False,False,False,False,False,False,False,True,False,False,0
54.25,-2.75,0,-3.4028230000000003e+38,-3.4028230000000003e+38,False,False,False,False,False,False,False,False,False,False,False,False,False,False,False,True,False,False,1
53.0,0.5,1,0.14,19.1535,True,False,False,False,False,False,False,False,False,False,False,False,False,False,False,True,False,False,0
50.25,-3.75,1,0.0,5.7352,False,True,False,False,False,False,False,False,False,False,False,False,False,False,False,False,True,False,0
51.5,0.5,1,0.4,12.0032,False,False,False,False,False,False,False,False,False,True,False,False,False,False,False,False,False,False,0
50.5,-5.0,0,-3.4028230000000003e+38,-3.4028230000000003e+38,False,True,False,False,False,False,False,False,False,False,False,False,False,False,False,True,False,False,1
50.25,-5.25,0,-3.4028230000000003e+38,-3.4028230000000003e+38,False,True,False,False,False,False,False,False,False,False,False,False,False,False,False,True,False,False,1
51.0,0.75,1,0.76,10.1424,False,False,False,False,False,False,False,False,False,False,True,False,False,False,False,False,False,False,0
50.75,-0.25,1,0.6,8.2099,True,False,False,False,False,False,False,False,False,False,False,False,True,False,False,False,False,False,0
50.75,0.0,1,1.24,9.3112,True,False,False,False,False,False,False,False,False,False,True,False,False,False,False,False,False,False,0
50.75,0.25,1,0.19,6.5835,False,True,False,False,False,False,False,True,False,False,False,False,False,False,False,False,False,False,0
50.75,0.5,1,0.88,7.5707,False,False,False,False,False,False,False,False,False,False,True,False,False,False,False,False,False,False,0
55.75,-5.0,1,40.74,15.4928,False,True,False,False,False,False,False,False,False,False,False,False,True,False,False,False,False,False,0
58.75,-3.5,0,-3.4028230000000003e+38,-3.4028230000000003e+38,False,True,False,False,False,False,False,False,True,False,False,False,False,False,False,False,False,False,1
57.25,-5.5,1,0.0,82.7928,False,True,False,False,False,False,False,False,False,False,True,False,False,False,False,False,False,False,0
57.0,-5.5,1,0.0,31.705,False,True,False,False,False,False,False,False,False,False,True,False,False,False,False,False,False,False,0
57.0,-6.5,0,-3.4028230000000003e+38,-3.4028230000000003e+38,False,False,False,False,False,False,False,False,False,False,False,False,True,False,False,False,False,False,1
54.25,-5.75,0,-3.4028230000000003e+38,-3.4028230000000003e+38,True,False,False,False,True,False,False,False,False,False,False,False,False,False,False,False,False,False,1
57.0,-6.25,0,-3.4028230000000003e+38,-3.4028230000000003e+38,False,False,False,False,False,False,False,False,False,False,True,False,False,False,False,False,False,False,1
53.5,0.0,1,3.12,64.3542,True,False,False,False,False,False,False,False,False,False,False,False,False,False,False,True,False,False,0
53.0,0.25,1,0.19,22.7726,True,False,False,False,False,False,False,False,False,False,False,False,True,False,False,False,False,False,0
52.75,1.75,1,2.26,12.9574,False,False,False,False,False,False,False,False,False,False,True,False,False,False,False,False,False,False,0
52.75,1.5,1,0.24,11.6035,True,False,False,False,False,False,False,False,False,False,False,False,False,False,False,True,False,False,0
52.75,0.5,1,0.01,12.6102,True,False,False,False,False,False,False,False,False,False,False,False,False,True,False,False,False,False,0
51.75,-4.25,3,273.94,121.6349,False,True,False,False,False,False,False,False,False,False,True,False,False,False,False,False,False,False,0
50.25,-3.5,1,0.0,5.5538,False,False,False,False,False,False,False,True,False,False,False,False,False,False,False,False,False,False,0
50.5,-3.25,1,0.09,17.0979,False,False,False,False,False,False,False,True,False,False,False,False,False,False,False,False,False,False,0
50.75,-1.5,1,16.67,34.0824,False,True,False,False,False,False,False,False,False,False,False,False,False,True,False,False,False,False,0
50.0,-5.5,0,-3.4028230000000003e+38,-3.4028230000000003e+38,False,True,False,False,False,False,False,False,False,False,False,False,False,False,False,False,True,False,1
50.0,-5.25,0,-3.4028230000000003e+38,-3.4028230000000003e+38,False,True,False,False,False,False,False,False,False,False,False,False,False,False,False,False,True,False,1
56.0,-6.0,0,-3.4028230000000003e+38,-3.4028230000000003e+38,False,False,False,False,False,False,False,False,False,False,False,False,False,False,False,False,True,False,1
56.0,-5.75,0,-3.4028230000000003e+38,-3.4028230000000003e+38,False,True,False,False,False,False,False,False,False,False,False,False,False,False,False,False,True,False,1
56.0,-3.0,0,-3.4028230000000003e+38,-3.4028230000000003e+38,False,True,False,False,False,False,False,False,False,False,False,False,False,False,False,False,False,False,1
56.0,-3.25,0,-3.4028230000000003e+38,-3.4028230000000003e+38,False,True,False,False,False,False,True,False,False,False,False,False,False,False,False,False,False,False,1
57.75,-3.0,0,-3.4028230000000003e+38,-3.4028230000000003e+38,False,True,False,False,False,False,False,False,False,False,False,False,True,False,False,False,False,False,1
57.75,-3.25,0,-3.4028230000000003e+38,-3.4028230000000003e+38,False,True,False,False,False,False,False,False,False,False,True,False,False,False,False,False,False,False,1
51.5,-4.0,1,5.64,28.4151,False,True,False,False,False,False,False,False,True,False,False,False,False,False,False,False,False,False,0
55.75,-2.0,0,-3.4028230000000003e+38,-3.4028230000000003e+38,False,True,False,False,False,False,False,False,True,False,False,False,False,False,False,False,False,False,1
55.25,-1.5,3,46.29,241.4697,False,True,False,False,False,False,False,True,False,False,False,False,False,False,False,False,False,False,0
55.5,-1.5,0,-3.4028230000000003e+38,-3.4028230000000003e+38,False,True,False,False,False,False,False,False,False,False,False,False,False,False,False,True,False,False,1
55.5,-1.75,0,-3.4028230000000003e+38,-3.4028230000000003e+38,False,True,False,False,False,False,False,False,False,False,False,False,False,False,False,True,False,False,1
59.25,-2.5,0,-3.4028230000000003e+38,-3.4028230000000003e+38,False,True,False,False,False,False,False,False,True,False,False,False,False,False,False,False,False,False,1
59.25,-3.25,0,-3.4028230000000003e+38,-3.4028230000000003e+38,False,True,False,False,False,False,False,False,True,False,False,False,False,False,False,False,False,False,1
55.5,-5.0,1,4.73,30.5605,False,False,False,False,False,False,False,False,False,False,True,False,False,False,False,False,False,False,0
51.5,-3.0,3,30.59,123.1974,True,False,False,False,False,False,False,True,False,False,False,False,False,False,False,False,False,False,0
52.75,-4.75,0,-3.4028230000000003e+38,-3.4028230000000003e+38,False,True,False,False,False,False,False,False,True,False,False,False,False,False,False,False,False,False,1
51.75,-2.75,3,10.3,151.9811,False,False,False,False,False,False,False,True,False,False,False,False,False,False,False,False,False,False,0
51.75,-2.5,3,21.06,23.2056,False,False,False,False,False,False,False,False,False,False,False,False,False,True,False,False,False,False,0
54.25,-0.25,1,2.35,37.2631,False,True,False,False,False,False,False,True,False,False,False,False,False,False,False,False,False,False,0
54.75,-4.0,0,-3.4028230000000003e+38,-3.4028230000000003e+38,False,True,False,False,False,False,False,False,False,False,False,False,False,True,False,False,False,False,1
54.75,-3.75,0,-3.4028230000000003e+38,-3.4028230000000003e+38,False,True,False,False,False,False,False,False,True,False,False,False,False,False,False,False,False,False,1
55.0,-3.75,0,-3.4028230000000003e+38,-3.4028230000000003e+38,False,False,False,False,False,False,False,False,False,False,False,False,False,False,False,True,False,False,1
56.75,-5.25,1,0.01,18.9155,False,True,False,False,False,False,False,False,False,False,True,False,False,False,False,False,False,False,0
55.5,-5.5,0,-3.4028230000000003e+38,-3.4028230000000003e+38,False,True,False,False,False,False,False,True,False,False,False,False,False,False,False,False,False,False,1
55.75,-5.5,1,0.09,142.0712,False,True,False,False,False,False,False,False,True,False,False,False,False,False,False,False,False,False,0
56.0,-5.5,3,0.01,120.3644,False,True,False,False,True,False,False,False,False,False,False,False,False,False,False,False,False,False,0
56.0,-5.0,0,1384.7,-3.4028230000000003e+38,False,True,False,False,False,False,False,False,False,False,False,False,True,False,False,False,False,False,1
56.25,-5.25,1,0.41,149.1078,False,False,False,False,False,False,False,True,False,False,False,False,False,False,False,False,False,False,0
50.5,-1.25,3,1887.19,0.2309,False,True,False,False,False,False,False,True,False,False,False,False,False,False,False,False,False,False,0
57.5,-7.75,0,-3.4028230000000003e+38,-3.4028230000000003e+38,False,False,False,False,False,False,False,False,True,False,False,False,False,False,False,False,False,False,1
55.75,-6.0,0,-3.4028230000000003e+38,-3.4028230000000003e+38,False,True,False,False,False,False,False,False,False,False,False,False,False,False,False,True,False,False,1
60.5,-1.5,1,22.34,639.9442,False,True,False,False,False,False,False,False,True,False,False,False,False,False,False,False,False,False,0
60.25,-1.5,1,65.75,319.8551,False,True,False,False,False,False,False,False,True,False,False,False,False,False,False,False,False,False,0
58.5,-4.75,1,37.21,140.3031,False,True,False,False,False,False,False,False,False,False,False,False,True,False,False,False,False,False,0
58.5,-5.0,1,15.97,193.5675,False,True,False,False,False,False,False,False,True,False,False,False,False,False,False,False,False,False,0
55.75,-1.75,0,-3.4028230000000003e+38,-3.4028230000000003e+38,False,True,False,False,False,False,False,True,False,False,False,False,False,False,False,False,False,False,1
55.0,-1.5,1,0.84,63.857,False,True,False,False,False,False,False,False,False,False,False,True,False,False,False,False,False,False,2
54.5,-3.5,0,-3.4028230000000003e+38,-3.4028230000000003e+38,False,True,False,True,False,False,False,False,False,False,False,False,False,False,False,False,False,False,1
59.25,-2.75,0,-3.4028230000000003e+38,-3.4028230000000003e+38,False,True,False,False,False,False,False,False,True,False,False,False,False,False,False,False,False,False,1
57.5,-6.5,0,-3.4028230000000003e+38,-3.4028230000000003e+38,False,True,False,False,False,False,False,False,True,False,False,False,False,False,False,False,False,False,1
57.25,-6.5,0,-3.4028230000000003e+38,-3.4028230000000003e+38,False,True,False,False,False,False,False,False,False,False,False,False,False,False,False,False,True,False,1
60.25,-1.0,3,39.02,818.0279,False,True,False,False,False,False,False,False,False,False,False,False,False,False,False,False,True,False,0
58.5,-4.0,1,2016.37,17.4543,False,True,False,False,False,False,False,False,False,False,False,False,False,False,False,False,True,False,0
57.5,-4.25,0,-3.4028230000000003e+38,306.038,False,True,False,False,False,False,False,False,False,False,False,False,False,True,False,False,False,False,1
54.75,-4.75,3,0.18,0.55,False,True,False,False,False,False,False,False,False,False,False,False,False,True,False,False,False,False,0
54.75,-4.5,0,-3.4028230000000003e+38,-3.4028230000000003e+38,False,True,False,False,False,False,False,False,False,False,False,False,False,False,False,False,True,False,1
52.75,-4.5,0,-3.4028230000000003e+38,-3.4028230000000003e+38,False,True,False,False,False,False,False,True,False,False,False,False,False,False,False,False,False,False,1
56.0,-6.25,0,-3.4028230000000003e+38,-3.4028230000000003e+38,False,True,False,False,False,True,False,False,False,False,False,False,False,False,False,False,False,False,1
55.25,-6.5,1,8.09,599.1506,False,False,False,False,False,False,False,False,False,False,False,False,False,False,False,True,False,False,0
59.0,-3.5,0,-3.4028230000000003e+38,-3.4028230000000003e+38,False,False,False,False,False,False,False,False,True,False,False,False,False,False,False,False,False,False,1
57.0,-6.0,1,5.41,17.6143,False,True,False,False,False,False,False,True,False,False,False,False,False,False,False,False,False,False,0
57.0,-7.5,0,-3.4028230000000003e+38,-3.4028230000000003e+38,False,True,False,False,False,False,False,False,True,False,False,False,False,False,False,False,False,False,1
51.25,-3.75,1,0.49,15.8994,False,True,False,False,False,False,False,False,False,False,True,False,False,False,False,False,False,False,0
51.25,-4.0,1,6.09,27.9269,False,True,False,False,False,False,False,False,False,False,False,False,False,False,False,True,False,False,0
51.25,-4.25,1,10.68,28.4843,False,True,False,False,False,False,False,True,False,False,False,False,False,False,False,False,False,False,0
51.0,-4.5,1,2.28,17.9197,False,True,False,False,False,False,False,True,False,False,False,False,False,False,False,False,False,False,0
50.25,-4.25,1,0.0,5.8921,False,True,False,False,False,False,False,False,False,False,False,True,False,False,False,False,False,False,2
53.25,-2.75,0,-3.4028230000000003e+38,-3.4028230000000003e+38,True,False,False,False,False,False,False,False,False,False,False,True,False,False,False,False,False,False,2
60.5,-1.75,1,21.18,618.9966,False,False,False,False,False,False,False,False,True,False,False,False,False,False,False,False,False,False,0
58.25,-6.75,0,-3.4028230000000003e+38,-3.4028230000000003e+38,False,True,False,False,False,False,False,True,False,False,False,False,False,False,False,False,False,False,1
58.25,-7.5,0,-3.4028230000000003e+38,-3.4028230000000003e+38,False,False,False,False,False,False,False,False,True,False,False,False,False,False,False,False,False,False,1
58.25,-6.5,0,-3.4028230000000003e+38,-3.4028230000000003e+38,False,True,False,False,False,False,False,True,False,False,False,False,False,False,False,False,False,False,1
57.75,-8.5,0,-3.4028230000000003e+38,-3.4028230000000003e+38,False,False,False,False,False,False,False,False,True,False,False,False,False,False,False,False,False,False,1
57.0,-7.25,0,-3.4028230000000003e+38,-3.4028230000000003e+38,False,False,False,False,False,False,False,False,True,False,False,False,False,False,False,False,False,False,1
57.25,-6.25,0,-3.4028230000000003e+38,-3.4028230000000003e+38,False,True,False,False,False,False,False,False,True,False,False,False,False,False,False,False,False,False,1
57.5,-1.75,0,-3.4028230000000003e+38,-3.4028230000000003e+38,False,True,False,False,False,False,False,False,False,False,False,True,False,False,False,False,False,False,2
55.5,-5.25,1,29.32,39.168,False,True,False,False,False,False,False,False,False,False,True,False,False,False,False,False,False,False,0
51.25,-3.5,1,0.61,23.949,False,True,False,False,False,False,False,False,False,False,False,False,False,False,False,True,False,False,0
50.25,-4.0,1,0.0,6.1074,False,True,False,False,False,False,False,True,False,False,False,False,False,False,False,False,False,False,0
50.75,-1.75,1,83.68,54.0206,False,True,False,False,False,False,False,True,False,False,False,False,False,False,False,False,False,False,0
50.75,-2.75,1,3.37,47.3846,False,True,False,False,False,False,False,False,False,False,True,False,False,False,False,False,False,False,0
50.5,-2.0,1,3.74,14.5509,False,True,False,False,False,False,False,True,False,False,False,False,False,False,False,False,False,False,0
50.75,-2.0,3,18.65,114.268,False,True,False,False,False,False,False,True,False,False,False,False,False,False,False,False,False,False,0
50.75,0.75,1,0.61,7.3112,False,False,False,False,False,False,False,True,False,False,False,False,False,False,False,False,False,False,0
54.25,-3.5,0,-3.4028230000000003e+38,-3.4028230000000003e+38,False,True,False,False,False,False,False,False,False,False,True,False,False,False,False,False,False,False,1
53.75,-0.25,1,1.01,53.7525,True,False,False,False,False,False,False,False,False,False,False,True,False,False,False,False,False,False,2
53.5,-0.25,1,2.82,84.7411,False,False,False,False,False,False,False,False,False,False,False,False,True,False,False,False,False,False,0
56.25,-2.75,0,-3.4028230000000003e+38,-3.4028230000000003e+38,False,True,False,False,False,False,False,False,False,False,False,False,False,False,False,False,True,False,1
53.75,-0.0,1,1.5,47.2818,True,False,False,False,False,False,False,False,False,False,False,False,False,True,False,False,False,False,0
53.5,0.25,1,2.5,50.9641,True,False,False,False,True,False,False,False,False,False,False,False,False,False,False,False,False,False,0
54.0,-0.25,1,2.73,37.9638,True,False,False,False,False,False,False,False,False,False,False,False,False,False,False,True,False,False,0
56.75,-2.5,0,-3.4028230000000003e+38,-3.4028230000000003e+38,False,True,False,False,True,False,False,False,False,False,False,False,False,False,False,False,False,False,1
57.0,-2.25,0,-3.4028230000000003e+38,-3.4028230000000003e+38,False,True,False,False,False,True,False,False,False,False,False,False,False,False,False,False,False,False,1
57.0,-2.0,0,-3.4028230000000003e+38,-3.4028230000000003e+38,False,True,False,False,False,False,False,False,True,False,False,False,False,False,False,False,False,False,1
57.25,-2.0,0,-3.4028230000000003e+38,-3.4028230000000003e+38,False,True,False,False,False,False,False,False,False,False,False,False,False,False,False,False,True,False,1
58.5,-4.5,1,76.18,84.4793,False,True,False,False,False,False,False,False,True,False,False,False,False,False,False,False,False,False,0
55.0,-1.25,1,1.29,73.9396,False,True,False,False,False,False,False,True,False,False,False,False,False,False,False,False,False,False,0
58.0,-4.0,3,1125.19,6.0512,False,True,False,False,False,False,False,False,False,False,False,False,False,False,False,True,False,False,0
59.0,-4.5,0,-3.4028230000000003e+38,-3.4028230000000003e+38,False,False,False,False,False,False,False,False,True,False,False,False,False,False,False,False,False,False,1
58.0,-7.0,0,-3.4028230000000003e+38,-3.4028230000000003e+38,False,True,False,False,False,False,False,False,False,False,False,False,False,False,False,False,True,False,1
58.0,-7.25,0,-3.4028230000000003e+38,-3.4028230000000003e+38,False,False,False,False,False,False,False,False,True,False,False,False,False,False,False,False,False,False,1
58.25,-6.25,0,-3.4028230000000003e+38,-3.4028230000000003e+38,False,True,False,False,False,False,False,False,True,False,False,False,False,False,False,False,False,False,1
58.5,-6.25,1,3373.47,63.9809,False,True,False,False,False,False,False,False,True,False,False,False,False,False,False,False,False,False,0
58.0,-5.25,1,2.27,346.7086,False,True,False,False,False,False,False,True,False,False,False,False,False,False,False,False,False,False,0
57.75,-4.25,3,1158.6,24.1707,False,True,False,False,False,False,False,False,False,False,False,False,False,True,False,False,False,False,0
58.0,-3.75,0,-3.4028230000000003e+38,-3.4028230000000003e+38,False,True,False,False,False,False,False,False,False,True,False,False,False,False,False,False,False,False,1
58.25,-3.5,0,-3.4028230000000003e+38,-3.4028230000000003e+38,False,True,False,False,False,False,False,False,False,False,False,False,False,False,False,False,True,False,1
58.25,-3.25,0,-3.4028230000000003e+38,-3.4028230000000003e+38,False,True,False,False,False,False,False,False,True,False,False,False,False,False,False,False,False,False,1
58.5,-3.0,0,-3.4028230000000003e+38,-3.4028230000000003e+38,False,True,False,False,False,False,False,False,False,False,False,True,False,False,False,False,False,False,2
58.5,-3.25,0,-3.4028230000000003e+38,-3.4028230000000003e+38,False,False,False,False,False,False,False,False,False,False,False,False,False,False,False,True,False,False,1
56.25,-6.25,0,-3.4028230000000003e+38,-3.4028230000000003e+38,False,True,False,False,False,False,False,False,True,False,False,False,False,False,False,False,False,False,1
56.5,-6.75,0,-3.4028230000000003e+38,-3.4028230000000003e+38,False,False,False,False,False,False,False,False,False,False,False,False,False,False,False,True,False,False,1
53.5,-4.25,0,-3.4028230000000003e+38,-3.4028230000000003e+38,False,False,False,False,False,False,False,True,False,False,False,False,False,False,False,False,False,False,1
54.5,-0.75,1,2.85,39.8366,False,True,False,False,False,False,False,True,False,False,False,False,False,False,False,False,False,False,0
54.75,-1.0,1,4.48,75.7946,False,False,False,False,False,False,False,False,False,False,False,False,False,False,False,True,False,False,0
54.25,-0.5,1,2.94,48.202,False,True,False,False,False,False,False,True,False,False,False,False,False,False,False,False,False,False,0
54.5,-0.5,1,3.97,34.183,False,False,False,False,False,False,False,True,False,False,False,False,False,False,False,False,False,False,0
54.0,-2.75,0,-3.4028230000000003e+38,-3.4028230000000003e+38,False,True,False,False,False,False,False,False,False,False,False,False,True,False,False,False,False,False,1
53.0,1.25,1,0.58,17.9912,True,False,False,False,False,False,False,True,False,False,False,False,False,False,False,False,False,False,0
51.75,-5.25,1,9.13,22.2371,False,True,False,False,False,False,False,False,False,False,False,False,True,False,False,False,False,False,0
51.5,-5.0,1,2.69,17.3103,False,True,False,False,False,False,False,False,True,False,False,False,False,False,False,False,False,False,0
51.5,-4.25,1,9.49,36.3704,False,True,False,False,False,False,False,False,False,False,False,False,False,False,False,True,False,False,0
51.5,-2.75,3,337.83,193.3631,False,True,False,False,False,False,False,True,False,False,False,False,False,False,False,False,False,False,0
50.75,-0.5,1,1.59,9.9993,True,False,False,False,False,False,False,False,False,False,False,False,False,False,False,True,False,False,0
55.25,-6.0,3,49.26,80.4363,False,False,False,False,False,False,False,False,True,False,False,False,False,False,False,False,False,False,0
55.25,-6.25,3,92.56,1073.9762,False,False,False,False,False,False,False,False,True,False,False,False,False,False,False,False,False,False,0
56.5,-2.75,0,-3.4028230000000003e+38,-3.4028230000000003e+38,False,True,False,False,False,False,False,False,False,False,False,False,False,False,False,True,False,False,1
56.5,-2.5,0,-3.4028230000000003e+38,-3.4028230000000003e+38,False,True,False,False,False,False,False,False,False,False,False,False,False,False,False,True,False,False,1
58.5,-4.25,1,93.18,53.6973,False,True,False,False,False,False,False,False,False,False,False,False,False,False,False,True,False,False,0
56.25,-6.5,0,-3.4028230000000003e+38,-3.4028230000000003e+38,False,False,False,False,False,False,False,False,True,False,False,False,False,False,False,False,False,False,1
58.0,-6.5,0,-3.4028230000000003e+38,-3.4028230000000003e+38,False,True,False,False,False,False,False,False,True,False,False,False,False,False,False,False,False,False,1
57.75,-5.5,1,0.29,416.5675,False,False,False,False,False,False,False,False,True,False,False,False,False,False,False,False,False,False,0
58.0,-5.5,1,3.0,411.493,False,True,False,False,False,False,False,False,False,False,False,False,False,False,False,False,True,False,0
57.25,-7.25,0,-3.4028230000000003e+38,-3.4028230000000003e+38,False,True,False,False,False,False,False,False,False,True,False,False,False,False,False,False,False,False,1
57.5,-6.75,0,-3.4028230000000003e+38,-3.4028230000000003e+38,False,True,False,False,False,False,False,True,False,False,False,False,False,False,False,False,False,False,1
56.5,-5.0,1,0.0,18.6327,False,False,False,False,False,False,False,False,False,False,False,False,True,False,False,False,False,False,0
55.75,-5.75,1,0.01,238.9965,False,True,False,False,False,False,False,False,False,False,True,False,False,False,False,False,False,False,0
55.5,-5.75,3,1.69,376.191,False,True,False,False,False,False,False,False,True,False,False,False,False,False,False,False,False,False,0
57.0,-6.75,0,-3.4028230000000003e+38,-3.4028230000000003e+38,False,False,False,False,False,False,False,False,True,False,False,False,False,False,False,False,False,False,1
56.75,-6.25,0,-3.4028230000000003e+38,-3.4028230000000003e+38,False,False,False,False,False,False,False,False,True,False,False,False,False,False,False,False,False,False,1
51.75,-5.5,1,36.82,28.5662,False,False,False,False,False,False,False,False,True,False,False,False,False,False,False,False,False,False,0
53.25,-4.0,0,-3.4028230000000003e+38,-3.4028230000000003e+38,False,True,False,False,False,False,False,False,True,False,False,False,False,False,False,False,False,False,1
51.25,-3.0,1,7.5,100.2775,True,False,False,False,False,False,False,False,True,False,False,False,False,False,False,False,False,False,0
51.5,-3.5,1,0.24,17.8344,False,True,False,False,False,False,False,True,False,False,False,False,False,False,False,False,False,False,0
51.25,-3.25,1,18.26,67.4141,False,False,False,False,False,False,False,True,False,False,False,False,False,False,False,False,False,False,0
50.75,-4.5,1,0.0,6.6207,False,True,False,False,False,False,False,True,False,False,False,False,False,False,False,False,False,False,0
50.5,-4.75,1,0.0,6.1023,False,False,False,False,False,False,False,True,False,False,False,False,False,False,False,False,False,False,0
50.25,-5.5,0,-3.4028230000000003e+38,-3.4028230000000003e+38,False,False,False,False,False,False,False,False,False,False,False,False,False,False,False,True,False,False,1
54.25,-5.5,0,-3.4028230000000003e+38,-3.4028230000000003e+38,False,False,False,False,False,False,False,False,True,False,False,False,False,False,False,False,False,False,1
55.25,-6.75,1,175.55,715.6184,False,False,False,False,False,False,False,False,False,False,False,False,False,False,False,True,False,False,0
53.75,-0.75,1,5.31,69.2861,False,False,False,False,False,False,False,False,False,False,False,False,False,True,False,False,False,False,0
56.25,-6.0,0,-3.4028230000000003e+38,-3.4028230000000003e+38,False,True,False,False,False,False,False,False,False,False,False,False,False,False,False,False,True,False,1
56.5,-6.25,0,-3.4028230000000003e+38,-3.4028230000000003e+38,False,True,False,False,False,False,False,False,True,False,False,False,False,False,False,False,False,False,1
56.5,-6.0,0,-3.4028230000000003e+38,-3.4028230000000003e+38,False,True,False,False,False,False,False,False,False,False,True,False,False,False,False,False,False,False,1
56.5,-7.0,0,-3.4028230000000003e+38,-3.4028230000000003e+38,False,False,False,False,False,False,False,False,True,False,False,False,False,False,False,False,False,False,1
55.5,-6.25,1,0.09,222.9755,False,True,False,False,False,False,False,False,False,False,False,False,False,False,False,False,True,False,0
56.0,-4.5,0,-3.4028230000000003e+38,-3.4028230000000003e+38,False,True,False,False,False,False,False,False,False,True,False,False,False,False,False,False,False,False,1
55.25,-5.0,3,0.6,3.3343,False,True,False,False,False,False,False,False,True,False,False,False,False,False,False,False,False,False,0
53.25,0.25,1,0.54,27.8483,True,False,False,False,False,False,False,False,False,False,False,False,False,False,False,True,False,False,0
53.0,-4.75,0,-3.4028230000000003e+38,-3.4028230000000003e+38,False,False,False,False,False,False,False,True,False,False,False,False,False,False,False,False,False,False,1
52.0,-5.0,1,23.61,59.5019,False,True,False,False,False,False,False,True,False,False,False,False,False,False,False,False,False,False,0
52.0,-5.25,1,9.56,40.1166,False,True,False,False,False,False,False,False,True,False,False,False,False,False,False,False,False,False,0
52.25,-4.5,3,34.16,44.919,False,True,False,False,False,False,False,True,False,False,False,False,False,False,False,False,False,False,0
51.5,-2.5,3,275.26,237.1952,False,False,False,False,False,False,False,False,False,False,False,False,False,True,False,False,False,False,0
51.5,1.25,1,1.98,9.7775,False,False,False,False,False,False,False,True,False,False,False,False,False,False,False,False,False,False,0
50.25,-4.75,0,-3.4028230000000003e+38,-3.4028230000000003e+38,False,True,False,False,False,False,False,False,False,False,False,False,False,False,False,False,True,False,1
54.75,-5.75,3,0.52,1.2812,True,False,False,False,False,False,False,True,False,False,False,False,False,False,False,False,False,False,0
54.0,-0.0,1,1.93,33.1133,False,False,False,False,False,False,False,True,False,False,False,False,False,False,False,False,False,False,0
54.25,-0.0,1,0.54,38.3153,False,False,False,False,False,False,False,True,False,False,False,False,False,False,False,False,False,False,0
60.5,-0.75,1,5.16,621.222,False,True,False,False,False,False,False,False,True,False,False,False,False,False,False,False,False,False,0
53.5,-3.0,0,-3.4028230000000003e+38,-3.4028230000000003e+38,True,False,False,False,False,False,False,False,False,False,False,False,False,True,False,False,False,False,1
53.25,-3.25,0,-3.4028230000000003e+38,-3.4028230000000003e+38,True,False,False,False,False,False,False,True,False,False,False,False,False,False,False,False,False,False,1
53.25,-3.0,0,-3.4028230000000003e+38,-3.4028230000000003e+38,True,False,False,False,False,False,False,False,False,False,False,False,False,True,False,False,False,False,1
53.5,-3.25,0,-3.4028230000000003e+38,-3.4028230000000003e+38,False,False,False,False,False,False,False,False,True,False,False,False,False,False,False,False,False,False,1
56.25,-3.0,0,-3.4028230000000003e+38,-3.4028230000000003e+38,False,True,False,False,False,False,False,False,False,False,False,False,False,True,False,False,False,False,1
57.75,-5.25,1,0.6,359.4405,False,True,False,False,False,False,False,True,False,False,False,False,False,False,False,False,False,False,0
58.0,-5.75,1,105.11,491.6257,False,False,False,False,False,False,False,False,False,False,False,False,False,False,False,False,True,False,0
57.5,-3.75,3,72.14,149.8925,False,True,False,False,True,False,False,False,False,False,False,False,False,False,False,False,False,False,0
56.75,-5.0,1,0.01,11.3475,False,True,False,False,False,False,False,True,False,False,False,False,False,False,False,False,False,False,0
55.25,-5.75,1,11.34,3.8807,False,True,False,False,False,False,False,True,False,False,False,False,False,False,False,False,False,False,0
54.75,-4.25,0,-3.4028230000000003e+38,-3.4028230000000003e+38,False,True,False,False,False,False,False,False,True,False,False,False,False,False,False,False,False,False,1
53.75,-3.0,0,-3.4028230000000003e+38,-3.4028230000000003e+38,True,False,False,False,False,False,False,False,False,False,False,False,False,False,False,True,False,False,1
53.25,-3.5,0,-3.4028230000000003e+38,-3.4028230000000003e+38,False,True,False,False,False,False,False,False,False,True,False,False,False,False,False,False,False,False,1
53.0,-4.0,1,10.12,1.57,False,False,False,False,False,False,True,False,False,False,False,False,False,False,False,False,False,False,0
52.75,-4.25,0,-3.4028230000000003e+38,-3.4028230000000003e+38,False,True,False,False,False,False,False,False,False,False,False,False,True,False,False,False,False,False,1
52.25,-4.0,3,56.88,55.6215,False,False,False,False,False,False,False,True,False,False,False,False,False,False,False,False,False,False,0
52.25,-4.25,3,33.76,46.5416,False,True,False,False,False,False,False,True,False,False,False,False,False,False,False,False,False,False,0
52.0,-4.75,1,27.45,76.4847,False,True,False,False,False,False,False,True,False,False,False,False,False,False,False,False,False,False,0
51.5,-3.25,1,2.96,28.8794,False,True,False,False,False,False,False,False,False,False,False,True,False,False,False,False,False,False,2
50.75,-3.25,1,0.93,18.7792,False,True,False,False,False,False,False,False,False,False,True,False,False,False,False,False,False,False,0
50.5,-2.5,1,0.24,8.9811,False,True,False,False,False,False,False,True,False,False,False,False,False,False,False,False,False,False,0
54.75,-5.5,3,0.0,2.6076,False,False,False,False,False,False,False,False,True,False,False,False,False,False,False,False,False,False,0
56.75,-2.25,0,-3.4028230000000003e+38,-3.4028230000000003e+38,False,False,False,False,False,False,False,False,False,False,False,False,False,False,True,False,False,False,1
56.25,-2.5,0,-3.4028230000000003e+38,-3.4028230000000003e+38,False,False,False,False,False,False,False,False,False,False,False,False,False,False,False,False,True,False,1
56.0,-4.75,3,45.55,4.6964,False,True,False,False,False,False,True,False,False,False,False,False,False,False,False,False,False,False,0
60.25,-1.75,3,75.39,490.4429,False,True,False,False,False,False,False,False,False,False,False,False,True,False,False,False,False,False,0
60.25,-2.0,3,852.12,142.1433,False,True,False,False,False,False,False,False,True,False,False,False,False,False,False,False,False,False,0
59.0,-2.5,0,-3.4028230000000003e+38,-3.4028230000000003e+38,False,True,False,False,False,False,False,False,True,False,False,False,False,False,False,False,False,False,1
59.0,-5.75,1,0.94,143.5208,False,False,False,False,False,False,False,False,True,False,False,False,False,False,False,False,False,False,0
59.0,-6.25,1,40.12,70.5361,False,False,False,False,False,False,False,False,True,False,False,False,False,False,False,False,False,False,0
56.0,-2.5,0,-3.4028230000000003e+38,-3.4028230000000003e+38,False,True,False,False,False,True,False,False,False,False,False,False,False,False,False,False,False,False,1
55.25,-4.75,3,12.35,3.2543,False,True,False,False,False,True,False,False,False,False,False,False,False,False,False,False,False,False,0
55.0,-6.0,1,17.86,1688.7161,True,False,False,False,False,False,False,False,False,False,False,False,False,False,False,True,False,False,0
55.0,-7.0,1,108.44,121.048,False,False,True,True,False,False,False,False,False,False,False,False,False,False,False,False,False,False,0
58.0,-6.25,0,-3.4028230000000003e+38,-3.4028230000000003e+38,False,False,False,False,False,False,False,False,True,False,False,False,False,False,False,False,False,False,1
57.75,-7.75,0,-3.4028230000000003e+38,-3.4028230000000003e+38,False,False,False,False,False,False,False,False,True,False,False,False,False,False,False,False,False,False,1
57.25,-6.75,0,-3.4028230000000003e+38,-3.4028230000000003e+38,False,True,False,False,False,False,False,False,True,False,False,False,False,False,False,False,False,False,1
56.75,-5.5,1,3.13,13.1778,False,False,False,False,False,False,False,True,False,False,False,False,False,False,False,False,False,False,0
55.5,-4.75,3,28.94,24.535,False,True,False,False,False,False,False,False,False,False,False,False,False,False,False,True,False,False,0
55.0,-4.5,0,-3.4028230000000003e+38,-3.4028230000000003e+38,False,False,False,False,False,False,False,False,False,False,False,False,False,True,False,False,False,False,1
56.25,-5.0,1,0.0,94.8958,False,True,False,False,False,False,False,False,False,False,True,False,False,False,False,False,False,False,0
54.5,-5.5,3,1.66,167.1895,False,False,False,False,True,False,False,False,False,False,False,False,False,False,False,False,False,False,0
50.75,-3.5,1,1.4,25.6378,False,False,False,False,False,False,False,False,False,False,False,True,False,False,False,False,False,False,2
56.75,-6.5,0,-3.4028230000000003e+38,-3.4028230000000003e+38,False,False,False,False,False,False,False,False,True,False,False,False,False,False,False,False,False,False,1
56.5,-6.5,0,-3.4028230000000003e+38,-3.4028230000000003e+38,False,False,False,False,False,False,False,False,True,False,False,False,False,False,False,False,False,False,1
55.75,-6.5,0,-3.4028230000000003e+38,-3.4028230000000003e+38,False,True,False,False,False,False,False,False,False,False,False,False,False,False,False,False,True,False,1
57.5,-5.5,1,0.63,204.3472,False,True,False,False,False,False,False,True,False,False,False,False,False,False,False,False,False,False,0
57.75,-2.0,0,-3.4028230000000003e+38,-3.4028230000000003e+38,False,True,False,False,False,False,False,False,False,False,False,False,True,False,False,False,False,False,1
58.25,-5.0,1,2.34,232.7242,False,False,False,False,False,False,False,False,True,False,False,False,False,False,False,False,False,False,0
58.25,-5.5,1,5.7,307.8541,False,True,False,False,False,True,False,False,False,False,False,False,False,False,False,False,False,False,0
57.75,-8.75,0,-3.4028230000000003e+38,-3.4028230000000003e+38,False,False,False,False,False,False,False,False,True,False,False,False,False,False,False,False,False,False,1
52.5,-4.25,0,-3.4028230000000003e+38,-3.4028230000000003e+38,False,False,False,False,False,False,False,False,False,False,False,False,False,False,False,True,False,False,1
58.5,-5.25,1,4.8,250.8125,False,True,False,False,False,False,False,False,True,False,False,False,False,False,False,False,False,False,0
57.75,-6.75,0,-3.4028230000000003e+38,-3.4028230000000003e+38,False,True,False,False,False,False,False,False,False,True,False,False,False,False,False,False,False,False,1
58.0,-6.75,0,-3.4028230000000003e+38,-3.4028230000000003e+38,False,True,False,False,False,False,False,False,False,False,False,False,False,False,False,False,True,False,1
55.75,-4.75,0,-3.4028230000000003e+38,-3.4028230000000003e+38,False,True,False,False,False,False,False,False,False,False,True,False,False,False,False,False,False,False,1
55.5,-4.5,0,-3.4028230000000003e+38,-3.4028230000000003e+38,False,False,False,False,False,False,False,False,False,False,False,False,False,False,False,True,False,False,1
55.25,-5.5,0,-3.4028230000000003e+38,-3.4028230000000003e+38,False,False,False,False,False,False,False,False,True,False,False,False,False,False,False,False,False,False,1
60.25,-0.75,1,88.24,715.7373,False,False,False,False,False,False,False,False,True,False,False,False,False,False,False,False,False,False,0
55.0,-5.25,0,-3.4028230000000003e+38,-3.4028230000000003e+38,False,False,False,False,False,False,False,False,True,False,False,False,False,False,False,False,False,False,1
54.75,-5.25,0,-3.4028230000000003e+38,-3.4028230000000003e+38,False,False,False,False,False,False,False,False,False,False,False,False,True,False,False,False,False,False,1
59.5,-1.5,0,-3.4028230000000003e+38,-3.4028230000000003e+38,False,False,False,False,True,False,False,False,False,False,False,False,False,False,False,False,False,False,1
59.5,-1.75,0,-3.4028230000000003e+38,-3.4028230000000003e+38,False,True,False,False,False,False,False,False,True,False,False,False,False,False,False,False,False,False,1
59.5,-2.5,0,-3.4028230000000003e+38,-3.4028230000000003e+38,False,True,False,False,False,False,False,False,True,False,False,False,False,False,False,False,False,False,1
58.5,-6.5,0,-3.4028230000000003e+38,-3.4028230000000003e+38,False,True,False,False,False,False,False,False,True,False,False,False,False,False,False,False,False,False,1
54.5,-3.75,0,-3.4028230000000003e+38,-3.4028230000000003e+38,False,False,False,False,False,False,False,True,False,False,False,False,False,False,False,False,False,False,1
56.75,-7.5,0,-3.4028230000000003e+38,-3.4028230000000003e+38,False,False,False,False,False,False,False,False,True,False,False,False,False,False,False,False,False,False,1
56.75,-7.75,0,-3.4028230000000003e+38,-3.4028230000000003e+38,False,False,False,False,False,False,False,False,False,False,False,False,False,False,False,True,False,False,1
52.25,-4.75,0,-3.4028230000000003e+38,-3.4028230000000003e+38,False,False,False,False,False,False,False,True,False,False,False,False,False,False,False,False,False,False,1
51.25,-4.75,1,1.35,13.8258,False,False,False,False,False,False,False,True,False,False,False,False,False,False,False,False,False,False,0
50.25,-5.75,0,-3.4028230000000003e+38,-3.4028230000000003e+38,False,False,False,False,False,False,False,False,True,False,False,False,False,False,False,False,False,False,1
51.0,-1.5,1,3.5,106.0008,False,True,False,False,False,False,False,False,False,False,False,True,False,False,False,False,False,False,2
58.0,-4.25,3,131.24,36.728,False,False,False,False,False,False,False,False,False,False,False,False,True,False,False,False,False,False,0
57.75,-5.0,1,0.01,348.303,False,True,False,False,False,False,False,False,False,False,False,False,True,False,False,False,False,False,0
57.5,-4.5,3,129.21,231.7242,False,True,False,False,False,False,False,False,False,False,False,False,False,True,False,False,False,False,0
56.25,-4.75,3,8.35,747.056,False,False,False,False,False,False,False,True,False,False,False,False,False,False,False,False,False,False,0
53.0,1.5,1,1.51,17.5504,False,False,False,False,False,False,False,True,False,False,False,False,False,False,False,False,False,False,0
51.75,-4.0,1,17.13,30.3439,False,False,False,False,False,False,False,False,False,False,False,False,False,True,False,False,False,False,0
55.0,-5.75,3,0.18,0.3553,False,False,False,False,False,False,False,False,True,False,False,False,False,False,False,False,False,False,0
54.75,-6.0,3,4.82,77.0258,False,False,False,False,False,False,False,False,False,False,False,False,False,True,False,False,False,False,0
54.25,-6.0,1,0.16,8.0129,False,False,False,False,False,False,False,True,False,False,False,False,False,False,False,False,False,False,0
