,Unnamed: 0,station,lat,lon,n_blocks,gev_c,gev_loc,gev_scale,ks_stat,ks_pvalue,kuiper,r2_cdf,cluster,DU,CODE_1_18,CODE_2_18,CODE_3_18,CODE_4_18,CODE_5_18,COMMENT_18
0,0,1,48.383,-4.495,399,0.0192406210445008,0.3966736502478821,0.1542821778416368,0.0248662335204727,0.960844211931903,0.0494782938246722,0.9988404982170832,3,4,8,84,842,8420,84200,
1,1,10,45.56848,-1.061555,237,0.0088778262935308,0.3969812706114106,0.2131120797609494,0.0395484470077406,0.837822009083803,0.0762425435945888,0.9961538872962868,3,4,8,83,832,8320,83200,
2,2,102,50.102,-5.542,377,0.0914707481944242,0.3824423705098201,0.1339606431470941,0.0286058878089926,0.9083926260236176,0.0532123116104968,0.9987358006552745,3,4,8,84,842,8420,84200,
3,3,103,50.103,-5.54275,448,0.1826767943208799,0.4166295566368921,0.3381770255129865,0.1985557023293032,5.918325561280256e-16,0.3488770993472217,0.8335754787068778,1,4,8,84,842,8420,84200,
4,4,104,50.099998,-5.53333,208,0.2072242342589771,0.3557246364509208,0.3978046997445966,0.2274050321639531,6.182796000093566e-10,0.4262160657291842,0.7796091759882743,1,4,8,84,842,8420,84200,
5,5,108,50.6085,-2.447944,205,-0.2991941008906251,0.4263918007223583,0.2361928472389137,0.1109943655347341,0.0117888780522012,0.1998258497754244,0.9714611330297108,3,4,1,11,112,1121,11210,
6,6,109,50.714333,-1.874861,171,0.2091915267383245,0.4530849036309236,0.4347385426061614,0.0615734538491051,0.5158222204965666,0.101990046524849,0.995440341384998,1,4,8,84,842,8420,84200,
7,7,11,46.497358,-1.793528,217,-0.0355843526596424,0.3691947549997586,0.1654209308584672,0.0524392524360619,0.5712227876679248,0.0922383402491842,0.9941486592970196,3,4,1,12,123,1234,12340,
8,8,111,50.7403,-1.50714,105,-0.6075712212350992,0.4428894434816706,0.222453022342408,0.0861718463436687,0.3942927312739153,0.1494880788314537,0.988252874349876,3,4,8,84,842,8420,84200,
9,9,114,50.70888,-2.76411,71,-0.0015916372656461,0.6764939362960088,0.4491753468766529,0.1296435468983287,0.1682596788706136,0.2315735981689571,0.9482298063264908,1,4,1,11,112,1121,11210,
10,10,115,50.59419,-4.83437,79,0.1666023245306987,1.1442777049313766,0.2827630824126496,0.045765113118623,0.9938907416007688,0.0843020766895498,0.996001550032402,4,4,8,84,842,8420,84200,
11,11,12,47.277217,-1.8898,213,-0.0491542570636995,0.6805387222152965,0.276738005425897,0.053283839041114,0.5625192346403777,0.1046031321094873,0.9891098785762912,1,4,8,81,811,8110,81100,
12,12,120,50.9693985,1.86772001,308,0.1421289654177601,0.7273384286287202,0.2643980262639626,0.045531297094057,0.5305847711269083,0.0856281848467286,0.9964328979336708,1,4,1,12,123,1232,12320,
13,13,121,50.72738,1.57766,238,0.1017201016680907,0.735742689302981,0.2818743775898544,0.0426679516799905,0.7625423098737214,0.0808788486227371,0.9962419604503608,1,4,8,84,842,8420,84200,
14,14,122,50.969501,1.8677,308,0.1419396347846442,0.7276494033863857,0.264416920889336,0.0478535064020442,0.4666063888121182,0.0877415703838969,0.9963227524681312,1,4,1,12,123,1232,12320,
15,15,123,50.727501,1.5774,238,0.0986951135284228,0.7343081439571194,0.2812544634442696,0.0408189440706775,0.8071315183587883,0.0801758891605168,0.9963773144882602,1,4,8,84,842,8420,84200,
16,16,124,50.783298,0.06667,205,-0.0001879269776253,0.4318347578558201,0.1530287645171121,0.0595155350032734,0.4449934587098092,0.1151664095836877,0.9898439158761054,3,4,7,72,721,7210,72100,
17,17,125,50.368401,-4.1852002,203,0.0334330188628673,0.3910876017883575,0.1375209791120469,0.0470058105294253,0.7425865813078877,0.0800455969658513,0.9965700114777132,3,4,1,12,123,1236,12360,
18,18,126,50.8004,-1.1102,203,-0.0596132677969032,0.4399705751248702,0.1641270308372304,0.0419780705279861,0.8517485450560376,0.0732083011460086,0.996905945331084,3,4,1,12,123,1234,12340,
19,19,127,50.607899,-2.4465001,204,0.0398744127626695,0.3977831432976929,0.1515032450057134,0.0404035568907954,0.8794833063094978,0.0743974987168777,0.9979441279352484,3,4,8,81,811,8110,81100,
20,20,128,50.7136,-1.8747,165,-0.1186300167061249,0.4106955929454887,0.1643274374526066,0.049709530982598,0.7905521790174116,0.0890331820839211,0.9963338087989808,3,4,8,84,842,8420,84200,
21,21,129,50.651108,-1.1531577,112,-0.272751174949764,0.4051227064743821,0.1441356802381272,0.0911272376027554,0.2921159463188175,0.1442777416159818,0.9878575391752948,3,4,8,84,842,8420,84200,
22,22,13,47.205383,-1.765133,213,-0.0823425769803469,0.7390076146349648,0.3509113409234792,0.0644111179075723,0.3258522510756887,0.1168785090413891,0.9890919797383122,1,4,8,81,811,8110,81100,
23,23,130,50.740292,-1.5071276,105,-0.5383090956506165,0.4989575850326324,0.2222026376786166,0.0833526651902992,0.4355697718121118,0.1396353928653241,0.9892467993806544,3,4,8,84,842,8420,84200,
24,24,131,50.609333,-1.949177,95,0.1313327345200057,0.3926827477964157,0.1669008121470283,0.0714713159186733,0.6897058634403916,0.1271048648951689,0.9911934244104748,3,4,8,84,842,8420,84200,
25,25,133,50.594177,-4.8344054,88,0.3206662604070879,0.8031285647321317,0.5614123081565747,0.1499175131915163,0.0342898937415212,0.249974010925844,0.9369945658834437,4,4,8,84,842,8420,84200,
26,26,14,47.19345,-1.633667,203,0.0134330634830521,0.8232882942879987,0.432511799331808,0.0819018346598658,0.1241505438848318,0.1503069268684796,0.9797964126425452,4,4,1,12,123,1231,12310,
27,27,140,50.8839,-1.3931,226,0.0042792526272125,0.6276230253439268,0.1798321126857646,0.0309892874894778,0.9770953946611451,0.0568306160714349,0.99866448177567,3,4,8,83,832,8320,83200,
28,28,141,50.802194,-1.11125,177,0.0321888062476629,0.4611759286070112,0.1628453400971136,0.062298389508422,0.4790150532928037,0.1233018250604657,0.991067054335292,3,4,1,12,123,1234,12340,
29,29,142,50.368389,-4.18525,172,0.2176333426426524,0.5645075854326811,0.4256514880536335,0.1369402787472823,0.0028277755478398,0.272646571164597,0.9056776935281504,1,4,1,12,123,1236,12360,
31,31,147,51.6496,-9.9034,105,0.0588466442113375,0.3830352650200835,0.1425147139332348,0.0552482367652136,0.8879564998171277,0.0923633780620368,0.99469884806074,3,4,1,12,123,1233,12330,
32,32,148,51.8278,-8.0007,84,0.226027038122887,0.3835082443092429,0.2052377244922952,0.0699158540021328,0.77968803160798,0.1304851690396265,0.9875590727430203,3,4,8,84,842,8420,84200,
33,33,15,48.640812,-2.028103,190,0.045248010591771,0.5436971216073824,0.1861832229783482,0.0512194921521484,0.6816250151769158,0.083280982293869,0.9959427545622148,3,4,8,84,842,8420,84200,
34,34,151,51.716702,-5.0500002,200,0.0694745200040886,0.4400004794577209,0.1830452654573161,0.0683477541043902,0.2940413478914973,0.1034240698808935,0.9935700994664058,3,4,1,11,111,1112,11120,
35,35,152,51.649601,-9.9034004,105,-0.1476613746605578,0.3519409308518334,0.141030932902707,0.0667373659245489,0.712343894808253,0.1280348435311473,0.986759306145052,3,4,1,12,123,1233,12330,
36,36,153,51.827801,-8.0007,85,0.3100034519077288,0.412178102786775,0.2251386287900602,0.0837534929872986,0.5613323848688525,0.1442400019780204,0.988182225882649,5,4,8,84,842,8420,84200,
37,37,154,51.84,-8.3039999,79,-0.0098384711904077,0.40972647000223,0.1772048711268642,0.0993058876363801,0.3915113553314918,0.1917110870816536,0.967029453179242,3,4,1,12,123,1233,12330,
38,38,156,51.114389,1.322528,396,-0.1153757449007556,0.6287207783814618,0.236471214568619,0.0532022406306923,0.2048871155046231,0.10255266093395,0.9924324308434092,1,4,1,12,123,1231,12310,
39,39,157,51.445639,0.743361,337,0.4924956090589786,0.9505760220526788,0.5985442267399266,0.1094315640176419,0.0005712705004603,0.2062622203431365,0.953028550684356,4,4,1,12,123,1231,12310,
40,40,158,51.211139,-4.112389,280,0.5765099380443541,1.2095912430529765,0.3759525687769236,0.1022734662066689,0.0052908809084673,0.1685918323936463,0.9721108063232484,4,4,5,51,510,5100,51000,
41,41,16,45.56843333,-1.06148333,128,0.0563403370550189,0.3730802228952937,0.1951460079972892,0.0353761104565395,0.9955096163627104,0.0697806960840456,0.9980577190527864,3,4,8,83,832,8320,83200,
42,42,160,51.948,1.292056,222,-0.2097946740927133,0.571370014356722,0.3795268123760246,0.0811410635441161,0.1016977786360362,0.1416812368110992,0.9911929539539788,1,4,8,84,842,8420,84200,
43,43,161,51.21525,-3.134472,185,0.0060062276971752,0.7476181512000325,0.3082360510033739,0.0710079215389435,0.2943971801139375,0.1187194474375768,0.988129393235089,1,4,8,84,842,8420,84200,
44,44,162,51.55,-2.987444,187,0.039210890315921,0.9594604723982968,0.2716111129090164,0.0386493036572718,0.932435491491461,0.0724108800096221,0.9971977513729848,1,4,5,51,510,5100,51000,
46,46,164,51.57,-3.975472,18,0.8891172719476106,0.1121603792905484,0.1258035555669,0.1734935917602472,0.5910013292057548,0.2598967763666853,0.9537004252731413,5,4,8,84,842,8420,84200,
47,47,165,51.5,-2.72847222,93,0.8914064050246874,0.8995921507840083,0.750971170549415,0.2608206086937527,4.531517218419854e-06,0.5196755359591505,0.800983344029571,2,4,8,84,842,8420,84200,
48,48,166,51.38198,1.11553,173,0.1653611280413981,0.91607282361724,0.3656076986365733,0.0474056795239232,0.8138811215765983,0.0902052522315625,0.995699839217932,4,4,8,84,842,8420,84200,
49,49,167,51.22378,1.40923,115,-0.1182328546250537,0.6438864810612708,0.2430752751325388,0.0680001908722256,0.6370667605374238,0.1206702595983603,0.99223293442152,1,4,8,84,842,8420,84200,
50,50,168,51.57012,-2.70001,76,0.7330385768257192,1.5959067595408318,0.3010374820288384,0.0743864963930086,0.7661369849133244,0.1233109069508503,0.9884571377753096,2,4,8,84,842,8420,84200,
51,51,17,47.305667,-2.0883,165,0.0994981003280412,0.5606634055502338,0.2794897737075363,0.0323393436528054,0.9931478371666188,0.0633252972664571,0.9975924022742194,1,4,8,83,832,8320,83200,
52,52,170,51.048091,2.366698,364,0.113839080759367,0.7567614821260945,0.3045261672123013,0.0387016170900184,0.6323636938875219,0.0727292027693073,0.9974048998029834,1,4,1,12,123,1231,12310,
53,53,172,51.399148,4.209993,288,0.4111324001521646,1.1433167458546365,0.4501857019888886,0.0704096827724776,0.1096475511984799,0.136801369057178,0.9825822161386212,4,4,7,72,723,7230,72300,
54,54,173,51.506519,4.249998,124,0.2446775294233714,1.3711305536699396,0.4164705757128781,0.0842012476145143,0.3245985843568234,0.1502815466810945,0.9801293679217116,4,4,7,72,723,7230,72300,
55,55,174,51.511332,4.165743,175,0.0698600155716616,0.8968330624854921,0.3484317819976728,0.0916207403111099,0.0994647565968929,0.1594250111741462,0.9804725017647796,4,4,8,81,811,8110,81100,
56,56,175,51.399115,3.564552,80,0.1806702493746619,0.9321341728683676,0.3954356261975275,0.0986932117982122,0.3915420458390536,0.1661372206019941,0.9832289393366588,4,4,6,61,611,6110,61100,
57,57,178,51.750754,3.811483,234,0.1837263846794612,0.9399774091376144,0.3821851171542862,0.0575049651409257,0.406166359651153,0.1069626994692006,0.98966260588766,4,4,8,84,842,8420,84200,
58,58,179,51.655118,4.102756,153,0.2475433260593261,1.00435860059911,0.4147604587774537,0.0716779665136664,0.3929874896953486,0.1429477951250978,0.9837573142819752,4,4,4,41,410,4100,41000,
59,59,18,47.542676,-2.895167,133,0.0954960094438953,0.3784412014517154,0.1915306394827979,0.0654798779681912,0.5951511825814557,0.1192785719867886,0.9856026621344202,3,4,8,84,842,8420,84200,
60,60,180,51.675798,3.756442,98,0.2107592258102359,0.8830279594012833,0.4006440254222183,0.0744841671682416,0.6213429092558069,0.1327243571225358,0.9890759004180426,4,4,1,12,123,1235,12350,
61,61,181,51.379296,3.376275,288,0.1380160840446438,0.8753542027207666,0.3602301955053111,0.070120951005021,0.1122644850761382,0.1122322814064178,0.9901958854742337,4,4,8,84,842,8420,84200,
62,62,183,51.60088,3.85938,97,0.2346436723638056,0.9042868166704028,0.421825275917713,0.1085331400601975,0.1889749973768433,0.1563916605717956,0.9818568005437044,4,4,8,83,832,8320,83200,
63,63,19,47.873549,-3.907207,154,0.0955219173170182,0.3529002702282084,0.1541275191474267,0.055401800795078,0.7105473705046119,0.1012026629397428,0.9941879464133456,3,4,1,12,123,1236,12360,
64,64,194,51.445556,4.006959,347,0.164194435243596,1.0227720467288128,0.3845748280108555,0.0818098245845587,0.0181284431036284,0.1457951798072896,0.9794259463459736,4,4,4,41,410,4100,41000,
65,65,195,51.863131,3.860766,214,0.100442168477196,0.7982228235288904,0.3285494628495098,0.0562135651078831,0.4907696448028837,0.0925768239884811,0.9929575657882416,1,4,8,84,841,8410,84100,
66,66,196,51.835992,4.054941,70,0.5285359487762056,0.4410223564112304,0.1864943336726868,0.0587321258374029,0.9575313850127198,0.1101399560626403,0.9937599666931828,5,4,8,81,811,8110,81100,
67,67,197,51.829224,4.04484,98,0.3942320386019021,1.0995118867836269,0.4407735080460531,0.0752365581547483,0.6088090743126167,0.1402675826913523,0.9837244205627672,4,4,1,12,121,1210,12100,
68,68,2,48.383,-4.5,435,0.0224400362589141,0.3968659817258183,0.1553869928067934,0.0263596537455137,0.9150859787373352,0.0504087220887534,0.999002687603636,3,4,1,11,111,1111,11110,
69,69,200,51.819721,4.128239,347,0.4682697404464493,0.544457918052305,0.2542162687850546,0.0873524534214338,0.0094065204553523,0.1692511153755481,0.9658144583624616,5,4,1,12,123,1236,12360,
70,70,203,51.977572,4.119881,347,0.0662841224134598,0.8290128473746894,0.3285054774966918,0.0611202813495485,0.143552226872747,0.1149897985021831,0.9887982554151212,1,4,8,81,811,8110,81100,
71,71,205,51.543944,3.865419,93,0.2153186249769679,0.9070271510292012,0.4202849810668145,0.0840512148537714,0.5005331020736676,0.148851605551063,0.9854248908618448,4,4,8,81,811,8110,81100,
72,72,208,51.666274,4.095356,109,0.2678784429600502,0.953489372989268,0.4523923553806188,0.1076712547008899,0.1483977623523142,0.1816446797356556,0.9773841301583674,4,4,1,12,121,1210,12100,
73,73,209,51.659342,4.144264,180,0.1968395417256866,0.8895347498685238,0.3963881305409373,0.0602732521587379,0.5107784390912525,0.1132746728905469,0.9899672725172156,4,4,1,11,112,1121,11210,
74,74,21,46.007357,-1.174341,95,0.0139829540510978,0.6237095711064093,0.1692671577716304,0.0805617929850233,0.5414308159951945,0.1270376561780156,0.9930492079813832,3,4,8,84,842,8420,84200,
75,75,210,51.450047,4.229827,238,-0.8587941136435497,0.5897884111775487,0.1616734818937839,0.2058071635709669,2.562046976938572e-09,0.3705185051970265,0.9013495572641682,3,4,8,81,811,8110,81100,
76,76,216,51.773558,4.192415,134,0.4912821208928159,0.4638994719178551,0.17118174678964,0.0920109710788826,0.1942558344738671,0.1530147455890008,0.981029793594399,5,4,8,81,812,8120,81200,
77,77,22,45.199667,-0.744167,91,-0.0917220124427881,0.6163827769752459,0.2603633264669416,0.039424227691416,0.9979367779229794,0.0767646570601526,0.996622666676332,1,4,8,83,832,8320,83200,
78,78,226,51.619106,3.686358,191,0.0382425308318658,0.763112736618857,0.3317893613831665,0.0491598916470561,0.7261274145438514,0.0927985634193094,0.9946671656807856,1,4,8,83,832,8320,83200,
79,79,227,51.619592,3.682065,192,0.0652186623407508,0.8331660377125201,0.3508929775996812,0.0482977238831857,0.7428983462052065,0.0846844438439981,0.9940796706211984,1,4,8,84,842,8420,84200,
80,80,23,45.453667,-0.92305,74,-0.1219335227770843,0.4549661648450204,0.1546591748515923,0.0574151022191438,0.9560457343763746,0.0931355895428601,0.9950276801167082,3,4,8,83,832,8320,83200,
81,81,236,51.595404,4.006011,288,0.1854655269403114,0.904884382919608,0.3955283017813077,0.0575570937769902,0.2847238531240873,0.1090484452805799,0.9903397850345402,4,4,4,41,410,4100,41000,
82,82,237,51.626665,4.254928,160,0.4758685287689885,1.192206768321109,0.4519541772022785,0.0774177166984085,0.2783203192004349,0.1443299902013249,0.9794213921248746,4,4,4,42,421,4210,42100,
83,83,238,51.827026,4.033445,75,0.253623727768445,1.0784038311055957,0.3876208573170457,0.0904188428365199,0.5417508140037315,0.1619533030174799,0.980720162680018,4,4,8,84,842,8420,84200,
84,84,240,51.336209,3.819812,347,0.1801778810874713,1.004776644342472,0.3807458522523124,0.0804272173151332,0.0212092594538015,0.142079370723772,0.9828060619351217,4,4,8,83,832,8320,83200,
85,85,242,51.599317,3.75183,85,0.2002121415779195,0.8393378942445249,0.4181867745780904,0.0841592060108307,0.5551793611900513,0.1360361252111261,0.9871674622707765,4,4,8,83,832,8320,83200,
86,86,243,51.442308,3.596057,347,0.0892318093940601,0.9109185391853984,0.3475236198536596,0.0686749828244183,0.072284138571637,0.1164941094858774,0.9879835456490804,4,4,1,12,123,1231,12310,
87,87,245,51.496839,4.056964,169,0.223274113915989,0.9949721411357032,0.4054819794862631,0.0783715522843687,0.2376546127432112,0.1556797268342728,0.980474573987199,4,4,8,81,811,8110,81100,
88,88,248,51.521445,3.440031,288,0.1301510736288484,0.850402539454642,0.3479896662903667,0.0785715243177734,0.0540741309149573,0.1151631943763305,0.9891958564254634,4,4,8,84,842,8420,84200,
89,89,251,51.642157,3.910813,157,0.1947756148639048,0.951807241545944,0.3897902573518147,0.0685168878846343,0.4332364328334149,0.1252588032609281,0.9872392537032216,4,4,8,81,811,8110,81100,
90,90,254,51.33621206,3.81981192,174,0.4135014054155912,1.254242380715485,0.3735630678727462,0.0672360379434177,0.3936936134796616,0.1245119170681758,0.9870677469837004,4,4,8,83,832,8320,83200,
91,91,255,51.76762642,3.61712418,257,0.1295662838124163,0.8512239561657129,0.3250494154559784,0.0748096571995268,0.1070323049814581,0.1244073344489112,0.986748667426431,1,4,8,84,841,8410,84100,
92,92,259,51.64286987,3.4810545,190,0.1064380592375744,0.8501691923204671,0.3263498699225017,0.0741681339945656,0.234946558903333,0.131655609971716,0.9823285374237766,1,4,8,84,841,8410,84100,
93,93,260,51.39842692,4.02620594,185,0.4356971004889331,1.1870694526093022,0.4379070296517662,0.0939967461163453,0.0712694250529483,0.181678059403542,0.9707210002507126,4,4,8,83,832,8320,83200,
94,94,264,51.37786806,4.16499237,141,0.3846300315844795,1.213474019465965,0.4145321495693476,0.1064321714913543,0.076114709188385,0.2000423520260211,0.9690266268071576,4,4,8,83,832,8320,83200,
95,95,265,51.37929817,3.37627452,114,0.3913757531184166,1.0913785047756814,0.3899133366535812,0.0590717063411165,0.7989458242389672,0.1038125985198714,0.995964199070086,4,4,8,84,842,8420,84200,
96,96,266,51.52144786,3.44003089,114,0.3660404003197368,1.0507767800732777,0.3875435198493319,0.0544950444828775,0.8688296143143603,0.1058318477314753,0.99506600698899,4,4,8,84,842,8420,84200,
97,97,269,51.59540662,4.00601046,108,0.3562715339376453,1.0638861860278972,0.4144797289568576,0.1017568010753194,0.199312548845966,0.1530774491222375,0.9848376087537384,4,4,4,41,410,4100,41000,
98,98,27,45.335567,-0.795167,66,-0.0346114564824332,0.5063830541812082,0.1541787313716212,0.0847712571645862,0.6979117686479517,0.1490342820967683,0.98954508310365,3,4,8,83,832,8320,83200,
99,99,270,51.50615366,4.07513028,101,0.4026566256546549,1.0236190653545134,0.431986471237422,0.0776854253644629,0.5495362827192856,0.1411184313074607,0.9846615728032356,4,4,8,81,811,8110,81100,
100,100,271,51.95823879,4.16144308,105,0.0202621787063698,0.8311823278357,0.3229995522298394,0.0575584353131879,0.857475611265049,0.1078394569020561,0.9922022384473024,1,4,8,81,811,8110,81100,
101,101,272,51.34208224,4.24763328,99,1.036871598977319,1.418534550807582,0.6021316709152906,0.1043739108642557,0.2154234423202192,0.1989652593443886,0.9583516517817364,2,4,8,81,811,8110,81100,
102,102,273,51.72154375,3.67591773,74,0.1293415639987823,1.0302778292400945,0.3413355211532947,0.1131152733243729,0.2784901251033277,0.1939391315658689,0.961802543077704,4,4,8,84,842,8420,84200,
103,103,277,51.58282787,3.47102233,63,0.1361046080456512,0.8899773155574646,0.3596925905806494,0.1172463092279753,0.3260817707861108,0.219570071342654,0.9654097696754588,4,4,8,84,841,8410,84100,
104,104,3,48.38290024,-4.49503994,433,-0.0086088869592824,0.3934152205858311,0.1575847210282359,0.0239700332743302,0.9596375798881104,0.0461293595381999,0.9989711463303338,3,4,8,84,842,8420,84200,
105,105,326,51.048199,2.3664999,364,0.1138698483621219,0.7568858367380076,0.3044426019435393,0.0384868888446243,0.63927220252538,0.0725278843009849,0.9973988846978225,1,4,8,81,812,8120,81200,
106,106,327,51.116699,1.3166699,199,0.0267112693276609,0.6159009238965673,0.2654639098284892,0.0418549343663035,0.8619855566056407,0.0785140742535753,0.9965679405516858,1,4,1,12,123,1231,12310,
107,107,328,51.216702,-3.1333301,197,-0.1182880005277909,0.6970486927259653,0.2487185995835875,0.0309366633514129,0.9888080076442732,0.0612337204348823,0.99829460867145,1,4,8,84,842,8420,84200,
108,108,329,51.216702,-4.1166701,194,0.0636772949169777,0.4761900589600541,0.2085997441889284,0.0410097119361472,0.886442254636889,0.078698042506144,0.9977606687128672,3,4,8,84,842,8420,84200,
109,109,330,51.549599,-2.9860001,182,0.0213170609054199,0.9357504450128744,0.2643223000414784,0.0446519715725644,0.844958930178726,0.0716331386142231,0.99686033973762,1,4,8,84,842,8420,84200,
110,110,331,51.569698,-3.9737,172,0.0237357758472285,0.5735857242086942,0.2567282475307444,0.0471901108564764,0.8207223829765229,0.0897827468832866,0.99491981184113,1,4,8,84,842,8420,84200,
111,111,332,51.450001,0.75,178,0.0209719146242344,0.815909631724683,0.3493149161060591,0.0525729550532309,0.6887368363917599,0.1024947012790941,0.991875708041408,1,4,8,84,842,8420,84200,
112,112,333,51.381985,1.1155597,168,0.1529154451983269,0.9102489770102472,0.3649235304430962,0.0548319185509439,0.6725191331851408,0.0938177602020307,0.995522348548157,4,4,8,84,842,8420,84200,
113,113,334,51.507099,-2.7114,140,0.1162472359070179,1.043450727229708,0.3007225268830883,0.0478952529042312,0.889587734730934,0.0897614664319966,0.9925146355594876,4,4,1,12,123,1231,12310,
114,114,335,51.966702,1.35,128,-0.05811465078253,0.6863310094086529,0.3002194980105533,0.05309289091591,0.8443476366639334,0.0984143482602336,0.9937810469361088,1,4,1,12,122,1220,12200,
115,115,336,51.948002,1.2920001,124,-0.1748849804699015,0.6530729095083834,0.2960864218206669,0.0430395489665464,0.9681416099098368,0.0853093342738928,0.9953962388180564,1,4,8,84,842,8420,84200,
116,116,337,51.223793,1.4092588,115,-0.1467128983091921,0.644467089653274,0.2470280456526547,0.0677140664761529,0.6422490658611271,0.1240162763779992,0.992031380547427,1,4,8,84,842,8420,84200,
117,117,338,51.5,-2.7284,100,0.2479405380252313,1.1630009072038845,0.4091419744688785,0.1160298445847518,0.1250131721838111,0.225535110716496,0.9500630744175126,4,4,8,84,842,8420,84200,
118,118,339,51.570122,-2.7000217,79,0.6330111750279996,1.3642418684199082,0.4235880525818463,0.1074053015503352,0.2999739072969599,0.1884305578536481,0.968712666952001,2,4,8,84,842,8420,84200,
119,119,342,51.522301,3.4402001,63,0.22583725700071,0.8392934899221547,0.3351569066356625,0.059175039523462,0.9707695968894468,0.1181002755169605,0.9879902594064108,4,4,1,11,112,1121,11210,
120,120,35,45.040483,-0.603517,60,-0.2097294830038359,0.6316684832145636,0.1692333770100919,0.0524168989385387,0.993626302521821,0.1000595586893953,0.9956146990601888,3,4,1,12,123,1231,12310,
121,121,368,52.3385,-6.4589,86,0.0663458378043497,0.4648332498321235,0.1646951243744751,0.0696664261858519,0.7716288645324997,0.1330583583884452,0.9881701071945213,3,4,1,12,123,1231,12310,
122,122,369,52.14767,-6.99188,77,-0.1234746566721584,0.4166869885902898,0.1669117597324822,0.0592371949780197,0.935030248543566,0.1136107490482664,0.9936093829947946,3,4,8,84,842,8420,84200,
123,123,375,52.792,-6.1451998,129,0.0209669185096377,0.4758616727571489,0.180109273058714,0.0415001963496057,0.9727424260317846,0.0801984216808804,0.996326465213026,3,4,1,11,112,1121,11210,
124,124,376,52.338501,-6.4589,88,0.1917074086246294,0.4621953196959919,0.2115818719280817,0.0737062430454067,0.6974162147801609,0.128871353269239,0.995057051452398,3,4,1,12,123,1231,12310,
125,125,377,52.2696,-9.8620996,87,0.2539024182332201,0.4070959968697164,0.2616576120815191,0.1304235320137449,0.0946381887105228,0.256321658908865,0.9204895375280132,1,4,1,12,123,1235,12350,
126,126,382,52.013222,-4.98375,362,0.2120883036881155,0.456550908706108,0.3487887885617047,0.0726850377827446,0.0414816325631128,0.1426954995350627,0.9742152434315572,1,4,8,84,842,8420,84200,
127,127,383,52.473083,1.75025,367,-0.0577777178057375,0.674153389341818,0.2898457841268834,0.0415510231233664,0.5367807761899055,0.0778501405222129,0.9950565475633716,1,4,1,12,123,1231,12310,
128,128,384,52.934194,1.301639,227,0.0498341996533464,0.7477534771301244,0.330037344796887,0.0548645134671978,0.4845964186539875,0.0853078414762656,0.9964541084079692,1,4,8,84,842,8420,84200,
129,129,385,52.719333,-4.045028,184,0.3855362508166614,0.7631088172885162,0.4834866134792777,0.1137749379093672,0.01569157763216,0.2148867913974545,0.9585182733175168,4,4,3,31,311,3110,31100,
130,130,386,52.964357,4.74499,347,0.0669727798005978,0.8479697304022306,0.3371592630712057,0.0534021233438493,0.2660839365223311,0.0934894507299006,0.992289287305239,1,4,8,84,842,8420,84200,
131,131,387,52.931535,5.045596,288,0.214438777622628,0.9418536513019048,0.4137205393640464,0.0694304166008664,0.1187323660121936,0.1229570662563678,0.9851210847347516,4,4,8,82,821,8210,82100,
132,132,391,52.462323,4.554823,228,0.0907621552241228,0.8959870412405269,0.3402176965697859,0.0852534724341994,0.0685470930789393,0.1395135036421072,0.9860110089041814,4,4,8,84,842,8420,84200,
133,133,392,52.467249,4.60506,134,0.1701739541280811,0.9194442491657396,0.3545602752430591,0.07243096488827,0.4615843681973481,0.134527289755408,0.9855569301032828,4,4,1,12,123,1231,12310,
134,134,398,52.934137,4.792286,61,0.1111303593522049,0.7556078874301151,0.376614184093705,0.0685561436209411,0.9177924970882816,0.133539647210492,0.9900823878280754,1,4,7,72,723,7230,72300,
135,135,4,47.266862,-2.20155,438,0.003235903647183,0.500740150271523,0.2231286252445203,0.0307242497671105,0.790832855060855,0.0562417965606485,0.9980805729913356,3,4,8,84,842,8420,84200,
136,136,400,52.772657,4.649702,242,0.1396280944329161,0.8695245672997156,0.3427186248295386,0.0604637618185933,0.3260282235675369,0.1002616042348715,0.9921201014467186,4,4,8,84,842,8420,84200,
137,137,401,52.099033,4.263563,337,0.0907349963755135,0.8818250113961204,0.3447469702670066,0.0585750552294583,0.1902272375255391,0.1089841679752929,0.9896847632428007,4,4,1,12,123,1236,12360,
138,138,403,52.09903557,4.2635626,164,0.1606172605355832,1.0242977358849807,0.3052944700828411,0.048294782612778,0.8209273730042852,0.0899758046394857,0.9936043908817358,4,4,1,12,123,1236,12360,
139,139,404,52.46394337,4.51759573,128,0.2029188061749976,0.9528466877313808,0.3661527223581088,0.0429195753926722,0.9643912958231372,0.0815388020797518,0.9963458071533056,4,4,8,84,842,8420,84200,
140,140,405,52.77265954,4.64970234,76,0.1891198297173804,1.0525476920857737,0.3293664079104241,0.084865304837854,0.6136689120548426,0.1649773829899484,0.9821078962903976,4,4,8,84,842,8420,84200,
141,141,41,48.3829,-4.4951,433,-0.0088039441517009,0.3934716196075528,0.1575104104185178,0.0240915122088789,0.957877009933202,0.046250683180317,0.9989871229279094,3,4,8,84,842,8420,84200,
142,142,413,52.9333,1.3,211,0.0159984164578648,0.7101838194806707,0.3301715117422857,0.0532141538120873,0.5701429966286067,0.0815366181562858,0.9970949240787386,1,4,6,62,621,6211,62111,
143,143,414,52.016701,-4.9833298,207,0.0076748553681688,0.4113204014359163,0.1633044319618192,0.0354362550112007,0.9490440324345436,0.065171298789573,0.9976714099063636,3,4,8,84,842,8420,84200,
144,144,415,52.466702,1.75,211,-0.0394731329369743,0.658938303996951,0.2933776557875613,0.0382891562505214,0.904599035259727,0.0718727024066243,0.9972591497482224,1,4,8,84,842,8420,84200,
145,145,416,52.716702,-4.03333,180,-0.0454423639234138,0.6616281897938524,0.2884591782322029,0.0446994510596651,0.8486105003622673,0.0816924037142666,0.996432129098354,1,4,7,72,723,7230,72300,
146,146,417,52.931274,5.0479212,64,0.1739638040806115,0.1873443223051106,0.0939499776061488,0.0862004470897004,0.6958979967578094,0.1626879818799622,0.9826281736866606,3,4,8,82,821,8210,82100,
147,147,418,52.932617,5.0459771,64,0.2835031600844358,0.9652664775775044,0.3934194412959166,0.0661823773117786,0.9243232635256052,0.1154510122783087,0.9944357609726588,4,4,1,11,112,1121,11210,
148,148,42,47.27,-2.2,438,0.0032880807515581,0.5008344856843739,0.223164461572699,0.0306694449563876,0.7926107956575761,0.0561884032081362,0.9980852524394644,3,4,1,11,112,1121,11210,
149,149,423,52.464966,4.5179009,64,0.2972915218855291,0.9226461810417416,0.3417332641843703,0.0561641985821642,0.9808310102146018,0.1114795177778801,0.9940065583055094,4,4,8,84,842,8420,84200,
150,150,43,48.359299,-4.7809,321,-0.0090047557677559,0.3558190168292455,0.1369795301828858,0.042762925061876,0.5848777494871846,0.0803137405533216,0.9968079465229704,3,4,7,72,723,7230,72300,
151,151,44,47.644299,-3.4459901,310,0.0222473833827986,0.3418070213529439,0.1451780746865439,0.0425640703739128,0.6126162705867291,0.0674261092410368,0.9971927405232096,3,4,1,12,123,1235,12350,
152,152,448,54.842556,-5.120028,335,0.0082446163601754,0.544161911917515,0.2123102943807184,0.0533394492164239,0.2860736742055028,0.0892951045047878,0.9949499138981592,3,4,1,12,123,1236,12360,
153,153,449,54.66475,-5.669472,172,-0.1350229117321674,0.5158023091651156,0.4430349621949113,0.1013147852298951,0.0545223915763333,0.2016592845308507,0.9696081797414356,1,4,1,12,123,1235,12350,
154,154,45,47.140381,-2.24635,303,0.1053288934628024,0.4210152375320026,0.2044242129592268,0.0401950371277257,0.6962415568864482,0.0674687338562314,0.9971003009702788,3,4,8,84,842,8420,84200,
155,155,450,54.6364,-8.3949,103,0.1260417528850201,0.4712578530581005,0.2258227856073177,0.076653703210908,0.554333802446543,0.147071756472783,0.9859264013523952,1,4,4,41,410,4100,41000,
156,156,451,54.9905,-8.4955,98,0.0215030944139416,0.450369816309662,0.1832597641323327,0.0622753422459714,0.8187829577136294,0.1244545643794786,0.9907547045654486,3,4,8,84,842,8420,84200,
157,157,452,54.2536,-9.8928,93,0.0550472729859572,0.3744106163210909,0.1413713937351212,0.0627448498756563,0.8348725481901397,0.1036957470199806,0.9950725373918972,3,4,8,84,842,8420,84200,
158,158,453,54.3099,-8.582,76,0.1675854564750505,0.4552947485514962,0.2453474413341834,0.0634520526787181,0.9003919046762605,0.1204811073000574,0.9940638495400848,1,4,8,84,842,8420,84200,
159,159,455,54.8424,-5.1188998,199,-0.0141008688944109,0.5361541281986855,0.2122375311278233,0.0512658047598206,0.6530803533557257,0.0865687722171955,0.995048248737336,3,4,8,84,842,8420,84200,
160,160,456,54.665001,-5.6691999,172,-0.0360609838221573,0.4839698162226743,0.1957459841966196,0.0472478028364155,0.819602749845445,0.0880720978711228,0.996004135981028,3,4,8,84,842,8420,84200,
161,161,457,54.636398,-8.3949003,103,0.1341108903167227,0.4645061041812215,0.2283007444865871,0.069314569226479,0.6792050220513769,0.1164733848649462,0.9908735068079444,1,4,4,41,410,4100,41000,
162,162,458,54.989601,-8.4956198,98,0.0537769986868371,0.417363104782797,0.1778377677113494,0.0556157351420454,0.9055589413497368,0.1068865343083334,0.9931880900327144,3,4,8,84,842,8420,84200,
163,163,459,54.252998,-9.8900003,94,0.059906958315428,0.3476177899837034,0.1332129040271902,0.0509254964296431,0.9574773956873972,0.0920315872163888,0.9932166230177832,3,4,8,84,842,8420,84200,
164,164,46,48.718399,-3.9658999,307,0.0124750264102569,0.3798306420421125,0.133080060254036,0.0551755710696251,0.2964004221154995,0.0930228166920274,0.9954884976277368,3,4,8,84,842,8420,84200,
165,165,460,54.3046,-8.5689001,72,0.0146669084439533,0.4330471219937083,0.2600448033101923,0.0705254545039769,0.8414455714590751,0.1360849926380557,0.989349336435217,1,4,1,12,123,1233,12330,
166,166,462,54.031833,-2.92025,352,-0.0253013879632803,0.7899235194145884,0.3343905383365694,0.0498573658792445,0.3346553265070253,0.0981769808830437,0.9920828126536672,1,4,1,12,123,1231,12310,
167,167,463,54.49,-0.614694,265,-0.0518817739863096,0.5391415476558943,0.2447247003091123,0.0466313842283916,0.5951583337975224,0.0853250007306491,0.9954057478522748,1,4,1,11,111,1111,11110,
168,168,464,54.650722,-3.567167,198,-0.0022827537618345,0.7225043747228652,0.2770164777376248,0.0671190809683269,0.3199906722031083,0.1294438138162776,0.990901507262203,1,4,1,12,123,1231,12310,
169,169,465,54.085222,-4.768056,181,-0.0007047523551328,0.5067316475286403,0.1957029972990458,0.0488178967478334,0.7625489599401101,0.0888699151126918,0.9966616305188384,3,4,1,12,123,1236,12360,
170,170,467,54.48862,-0.61462,66,-0.0573410580053429,0.5490037994405421,0.2562883743563825,0.0781228824381773,0.7861011661714488,0.1351066268493658,0.9893010239027342,1,4,1,12,123,1235,12350,
171,171,468,54.82326593,9.65412763,151,-0.0268722360889544,0.6030219988497372,0.2468119342531398,0.0541372125311005,0.7470940680696079,0.1063242136918663,0.991621561985207,1,4,8,84,842,8420,84200,
172,172,469,54.79504891,9.433011,151,-0.0135175119822607,0.6388833864115735,0.253545542228634,0.0655621095059177,0.5138511294764343,0.1140266920309994,0.9898598378847772,1,4,8,84,842,8420,84200,
173,173,47,46.148701,-1.2259001,243,0.0004709477664556,0.4470303678971996,0.198021291639909,0.0658124528466602,0.2328358109618494,0.1018381588726316,0.9938335833875728,3,4,1,12,123,1233,12330,
174,174,470,54.75978757,8.29700482,151,0.2154605986446086,1.086854589178403,0.4153263460518123,0.1066185710596634,0.0599178238106923,0.2072741038206701,0.9688111230238888,4,4,8,84,842,8420,84200,
175,175,471,54.73219748,8.6880067,151,1.0479432387731382,1.5262086824230514,0.4920991209048116,0.1517888940442652,0.001674168298615,0.2295559487200055,0.9257691792104974,2,4,7,72,723,7230,72300,
176,176,473,54.63344017,8.38492638,151,0.5319305203470042,1.2426982187060007,0.4766412869940465,0.1407586067587239,0.0045055284797497,0.2617916439856959,0.9424434793018336,4,4,8,84,842,8420,84200,
177,177,474,54.50258302,8.70305048,151,1.0135561158627675,1.488551726476523,0.5176965753047816,0.1619169929075251,0.0006310451239275,0.2450281048617583,0.924008953120518,2,4,8,84,842,8420,84200,
178,178,475,54.47470223,9.83599307,151,-0.0414301998773737,0.6012131378728346,0.2483064347528972,0.060878582158095,0.6083684388235864,0.1152782674684,0.991321116049944,1,4,8,84,842,8420,84200,
179,179,476,54.47394247,9.02585594,151,1.1835996415877568,1.7142896625810988,0.3379210074279894,0.1232526049298392,0.0185757160418306,0.1502472553133061,0.9580867483294424,2,4,4,41,410,4100,41000,
180,180,477,54.26591826,8.84211831,150,1.07890787658847,1.555787399014057,0.4788910556027266,0.1266585472597591,0.0147799895408478,0.216253995412517,0.9492195459364272,2,4,1,11,112,1121,11210,
181,181,478,54.26586489,8.84958039,151,1.2003743671678762,1.838586012141398,0.193327550980962,0.1026940320399338,0.077054516101872,0.1462437573269402,0.9618156140656584,2,4,7,72,723,7230,72300,Different water level
182,182,479,54.18052298,7.89080439,151,0.1627848076891911,1.0110337986171327,0.3836055551759748,0.0681520358844544,0.4642750687484496,0.1342489477089014,0.9828485265030176,4,4,1,14,140,1400,14000,
183,183,48,45.568432,-1.06148,237,0.0088843989039584,0.3971031553848147,0.2130935730468827,0.0394797956198989,0.8393250025975239,0.07758480780534,0.996163555478366,3,4,8,83,832,8320,83200,
184,184,481,54.1233805,8.86015778,151,1.1262376152881717,1.5705337522034872,0.4835937692343534,0.1379686780414538,0.005718737785229,0.2229402909539919,0.941994836267408,2,4,8,84,842,8420,84200,
185,185,486,54.31632455,8.95122149,151,1.0769571182469824,1.8650160540793204,0.1452228169292842,0.1193412442255861,0.0248421597108612,0.2153609798955472,0.9519674878157572,2,4,7,71,711,7110,71100,
186,186,49,46.497501,-1.7938,217,-0.0345866588374391,0.3691171742567888,0.1654849579128788,0.0526706464788448,0.5655928187749697,0.0920480292519229,0.9942443589169422,3,4,1,12,123,1234,12340,
187,187,492,54.033298,-2.9166701,203,0.0313596263119736,0.7475116128572641,0.3357332891686222,0.0660943917723818,0.3235034962735572,0.1150958136829034,0.9926850294655934,1,4,8,84,842,8420,84200,
188,188,494,54.483299,-0.61667001,211,-0.0574714186133874,0.5269900445274267,0.2294841968748142,0.0514781517296218,0.6122018235295354,0.091141806535202,0.9961052766511036,1,4,1,11,111,1112,11120,
189,189,495,54.650002,-3.5666699,197,0.0327833016059196,0.7015544883565934,0.2936141674861032,0.0651555416159114,0.3575885324322394,0.113930244034028,0.9912599159532608,1,4,1,12,123,1231,12310,
190,190,496,54.0854,-4.7680998,121,-0.000246591113279,0.4590764235313511,0.1807770370340223,0.0488313137817271,0.9214621847635756,0.0842505978161114,0.9966268201164,3,4,8,84,842,8420,84200,
191,191,498,54.282497,-0.3902857,76,-0.1088748219888996,0.5713498252846168,0.3282142802245982,0.0523163760641132,0.9784638867348656,0.0978069109582785,0.993564987573417,1,4,8,84,842,8420,84200,
192,192,499,54.916698,9.7833004,67,0.6201347963158546,0.5753977003527246,0.1457368376759558,0.1256086956254494,0.2216383283904193,0.2130123847665015,0.9565875213770638,5,4,1,11,111,1112,11120,
193,193,5,47.140383,-2.24635,303,0.1052993029194582,0.4210343497538835,0.2044402309961597,0.0402261405836854,0.6953340954550715,0.067445048987389,0.9970994727671856,3,4,8,84,842,8420,84200,
194,194,50,47.277222,-1.8898,213,-0.0492556071302145,0.6805840703586192,0.2767187822442498,0.0533412076092191,0.5611411318668289,0.104633351441671,0.989097080191873,1,4,8,81,811,8110,81100,
195,195,500,54.1222,8.8591995,65,1.094939288006898,1.5243566213061426,0.5183205070323469,0.1321073819591023,0.1890261210375483,0.2266856848181636,0.9580527600548748,2,4,8,84,842,8420,84200,
196,196,501,54.730999,8.6870003,67,1.1146847476653845,1.493343260462077,0.5637085720934822,0.1345224250249304,0.1613817525573958,0.2605139164966125,0.9375365809911907,2,4,8,84,842,8420,84200,
197,197,502,54.474998,9.8369999,67,0.7233367183339646,0.6114146754863939,0.1553060487119024,0.0904261421488656,0.6112263310940029,0.1720754526399961,0.9720584582753412,5,4,8,84,842,8420,84200,
198,198,503,54.265999,8.842,67,1.1837415261651698,1.5004299254403657,0.5875835932784208,0.1246545236725782,0.2289889806977429,0.2299924848610544,0.9508377456521548,2,4,8,84,842,8420,84200,
199,199,504,54.796001,9.434,67,0.6040630667566491,0.6329151808820508,0.1507084608464375,0.105412107067264,0.4173030001818428,0.208028249232674,0.9614375943982424,5,4,8,84,842,8420,84200,
200,200,505,54.178902,7.8899999,67,0.155895558526007,0.97573450529239,0.3709370122028858,0.0621848348767249,0.9435367037336404,0.1241580100283035,0.9892024925673406,4,4,8,84,842,8420,84200,
201,201,506,54.757999,8.2959995,67,0.3269810113099244,1.1017433287447171,0.4181465390377124,0.0850126794210347,0.6860741504413442,0.1636336264044248,0.9807310768016352,4,4,8,84,842,8420,84200,
202,202,507,54.472,9.0249996,67,1.1465066575732734,1.604870810193978,0.4514503571369936,0.1166838164425336,0.2976442329087524,0.1931863837798526,0.9682658863353704,2,4,4,41,410,4100,41000,
203,203,508,54.82333,9.6549997,67,0.5490561902927028,0.6007949578174276,0.1510799656101017,0.1258297949638107,0.2199608167830093,0.21950689970533,0.9548079826876054,5,4,8,84,842,8420,84200,
204,204,509,54.966702,8.6660004,63,0.2905247839903039,1.127043205488356,0.4037878084052252,0.1140482036573702,0.358280936436701,0.2278172362718795,0.9672109261963796,4,4,2,21,211,2110,21100,
205,205,51,47.205379,-1.76513,213,-0.0823526080212026,0.7389871729080599,0.3509054652144027,0.0644344827496611,0.3254347151081647,0.1169576218527395,0.9890954956725544,1,4,8,81,811,8110,81100,
206,206,510,54.488632,-0.61463588,66,-0.0360540407921253,0.5578948995925926,0.258848715363968,0.0630216307380503,0.9408707888693716,0.1154029723220593,0.9898039970340332,1,4,1,12,123,1235,12350,
207,207,511,54.632,8.3839998,67,0.8524195381171977,1.348420455880583,0.5562011302594847,0.1446261741521115,0.1096468421118065,0.2273268876160369,0.931967493018514,2,4,8,84,842,8420,84200,
208,208,519,55.206778,-6.656833,177,-0.1330559719268015,0.4576983665931278,0.2063178381792125,0.0414518625440009,0.9087650468927276,0.0783858775494611,0.9957782659718124,3,4,1,12,123,1233,12330,
209,209,52,45.853409,-1.17782,150,0.1437462633356935,0.5117959063087199,0.268968478702988,0.109100739336417,0.0520847923265737,0.191926774326068,0.9605157996535452,1,4,8,84,842,8420,84200,
210,210,520,55.627583,-6.189917,127,-0.7570163654659254,0.1144685858431359,0.0398319850242946,0.2084122125719675,2.5688496938714176e-05,0.2788203776396586,0.9048084137108796,3,4,1,12,123,1236,12360,
211,211,521,55.3717,-7.3344,95,-0.0800776455994569,0.4744929446753431,0.1925935538931991,0.0494908078208944,0.9651378279463044,0.0907795193091551,0.9942270212694996,3,4,8,84,842,8420,84200,
212,212,522,55.200001,-6.6666999,176,-0.0437090450276966,0.4789826647708785,0.1947009663685842,0.0366476632636213,0.9652042807122948,0.0701856012361367,0.9980506043952776,3,4,8,84,842,8420,84200,
213,213,523,55.627399,-6.1901002,119,0.2406263274248792,0.5263649144296778,0.2046296532684819,0.0474331787287835,0.9399922787342416,0.0946505292738772,0.9926905746166568,3,4,1,12,123,1236,12360,
214,214,524,55.3717,-7.3343201,94,0.1052736120311122,0.5400978666089689,0.3193389656246956,0.0736490995955717,0.6601534005952053,0.12940881769902,0.9919798697621074,1,4,8,84,842,8420,84200,
215,215,526,55.749806,-4.906333,266,0.3766052252024523,0.673619268166732,0.5305311463408198,0.1454621865087908,2.2428653759907205e-05,0.2702708997673116,0.9218012354387202,4,4,5,51,510,5100,51000,
216,216,527,55.989833,-3.181694,213,0.2108920250236805,0.608769007374333,0.415985084739785,0.114564156687151,0.0068378825304735,0.2224757415562664,0.9364520718061063,1,4,1,12,123,1231,12310,
217,217,528,55.01826759,8.44140467,151,0.2052424791352175,1.065935838155563,0.4150841688994349,0.107243165247688,0.0575163843583838,0.2125850433105581,0.9646609201186503,4,4,8,84,842,8420,84200,
218,218,53,47.193451,-1.63367,203,0.013252461935451,0.8233346359060765,0.4325382610217272,0.0818547612527361,0.1245440967505596,0.1502458675960236,0.9798099787397264,4,4,1,12,123,1231,12310,
219,219,530,55.4667,8.4333,446,0.5639817403970016,1.1962601863608735,0.5248025442142636,0.1013130378731949,0.0001941670859705,0.2002591881125135,0.9579950448420675,4,4,8,84,842,8420,84200,
220,220,531,55.989799,-3.1803999,202,-0.1818918179607176,0.4977818081413531,0.2191525629758058,0.039592881667133,0.896842851432098,0.078085954293937,0.9970646754560611,3,4,1,12,123,1231,12310,
221,221,532,55.749699,-4.9046998,208,0.0612128600909353,0.6335226905402165,0.2726713062229226,0.0495394372153359,0.6682164049640081,0.0832456293753373,0.994152914347094,1,4,8,83,833,8330,83300,Different water level
222,222,533,55.0,-1.4333301,211,-0.2199499705943186,0.4650117944534812,0.21535470521411,0.0490559343970991,0.6715329196689577,0.0895327147517009,0.9954231373072856,3,4,1,11,112,1121,11210,
223,223,534,55.5667,9.75,121,0.3956811739845275,0.4732444079093676,0.1458679663706968,0.0604194519918401,0.7457703668742782,0.1062484129197435,0.9924947862820503,5,4,1,14,140,1400,14000,
224,224,535,55.0,9.9833002,111,0.656315806135926,0.6075158899416636,0.1972071926570885,0.0970097405154032,0.2316472109567722,0.1820761077484862,0.9782707655831588,5,4,8,84,842,8420,84200,
225,225,536,55.266701,9.8832998,67,0.626516736140324,0.5195161099580055,0.1319569023918267,0.1782983700111685,0.0246534752227155,0.2987719424422493,0.93489574630085,5,4,1,14,140,1400,14000,
226,226,537,55.466702,8.4333,64,0.4229110445003007,1.1694739201004745,0.4440510735574573,0.1047928874499063,0.452656488636174,0.1813105872602837,0.9805995019609725,4,4,8,84,842,8420,84200,
227,227,538,55.016998,8.441,67,0.3172651755449454,1.0834529339387984,0.4231365528707589,0.0987924768936374,0.4990593763746793,0.1904504819269146,0.9725196557126644,4,4,8,84,842,8420,84200,
228,228,54,48.641102,-2.0276,190,0.0460203392207574,0.543863617574597,0.1861956958997935,0.0520084745308549,0.6632900627498837,0.0850637989957377,0.9959337846429164,3,4,8,84,842,8420,84200,
229,229,540,55.130798,8.6858997,61,0.5066908844578313,1.141065756893549,0.3488893696760679,0.074746998888529,0.859673775855632,0.1402731647531022,0.9850406781434152,4,4,8,81,811,8110,81100,
230,230,541,55.1833,8.6833,61,0.6527496685161491,0.955347986692218,0.2223798632402218,0.0583901625043639,0.977652238662056,0.1104871983279967,0.991312691071269,5,4,7,72,721,7210,72100,
231,231,542,55.087002,8.5654001,61,0.3208829575592355,1.1677695133507748,0.3775939207043049,0.0791766234191782,0.8100767058427201,0.1564420152740904,0.9836306724022936,4,4,1,12,123,1231,12310,
232,232,544,55.283298,8.5832996,61,0.3350870037099933,1.1137585369181662,0.417081194686017,0.0847087056768044,0.7417222690881615,0.1415820140636415,0.9843440053798648,4,4,7,72,723,7230,72300,
233,233,545,55.333302,8.6833,61,0.5787218028304345,1.3077385730398474,0.4289658610833177,0.1262766577832064,0.262216656771242,0.2352867750943662,0.9628008708331562,4,4,2,21,211,2110,21100,
234,234,546,56.623111,-6.064222,203,0.1850143341148825,0.6572257665013811,0.4129478852538948,0.1036028190132456,0.0237640829702713,0.1712778202476062,0.9718902914652878,1,4,1,11,112,1121,11210,
235,235,547,56.6231,-6.0630999,195,-0.1491983154465176,0.5094114328960639,0.2131672896742616,0.0472058542446354,0.7593337977507678,0.0874112886839709,0.99588513140356,3,4,8,84,842,8420,84200,
236,236,549,56.633301,9.8000002,78,0.2805330687073617,0.4240831380981294,0.1278765897166014,0.0927671630245061,0.4845477624480688,0.1703805427120424,0.9804929986689253,3,4,1,11,111,1112,11120,
237,237,55,47.305672,-2.0883,165,0.0994981003280412,0.5606634055502338,0.2794897737075363,0.0323393436528054,0.9931478371666188,0.0633252972664571,0.997592402138734,1,4,8,83,832,8320,83200,
238,238,550,56.524601,8.1152,61,0.1837834024051383,1.0110470485196976,0.4137486384275509,0.088204533321392,0.6963331813060971,0.1662577194821435,0.980090244324484,4,4,8,84,842,8420,84200,
239,239,551,56.7075,8.2089996,61,0.5535304967235652,0.8540227124486006,0.2730549437903061,0.0788497185863098,0.8139207182195851,0.1379295746714743,0.9909515677696912,5,4,8,84,842,8420,84200,
240,240,553,57.89525,-5.158056,309,0.1684888404009887,0.5274312020520368,0.3164436148106284,0.0924942903068246,0.0094471126348738,0.1808908184387063,0.9546436553003838,1,4,1,12,123,1236,12360,
241,241,554,57.8955,-5.1567998,208,-0.0250602775338936,0.5018641990627155,0.196610905865479,0.0395546763735258,0.8877912643074448,0.0758753311658617,0.9980774184935712,3,4,8,83,833,8330,83300,
242,242,559,57.150002,-2.0833299,208,0.077423058851652,0.4408511671267824,0.1908685068482166,0.0349587268181683,0.953431437423169,0.0697268733598188,0.9968591291700818,3,4,1,11,112,1121,11210,
243,243,56,47.5429,-2.8954,133,0.095433751252309,0.37858854634793,0.1916791877966788,0.0654290827793417,0.5961308093974068,0.1196286386011004,0.9856397240153824,3,4,8,84,842,8420,84200,
244,244,565,58.207722,-6.388889,274,-0.0032601827095888,0.4558888169112583,0.1984469994576423,0.0375169777694758,0.8211739298028451,0.0729553791993038,0.995967853262624,3,4,1,12,123,1231,12310,
245,245,566,58.456694,-5.050222,192,-0.30379325711734,0.3962839714415936,0.2902425450167573,0.0782174627936621,0.1809451145465819,0.1412969707248869,0.9886163327899056,1,4,1,12,123,1231,12310,
246,246,567,58.216702,-6.3833299,205,0.0976411330175145,0.4313090900758696,0.1567883277600171,0.0302403005107545,0.9892191014039736,0.0596531541419711,0.9984984753688556,3,4,1,11,112,1121,11210,
247,247,568,58.457199,-5.0496001,190,-0.0342658281811667,0.4945067399822576,0.2389547344615215,0.0331344955966524,0.9807960928756936,0.0644141296863955,0.9978450237082376,1,4,8,83,833,8330,83300,
248,248,57,47.873798,-3.9075999,154,0.0870209814593061,0.3499695697707664,0.1540750052033337,0.0561228123359206,0.6955812201086007,0.1019180703430047,0.9936233305953002,3,4,8,84,842,8420,84200,
249,249,570,58.0,7.567,444,0.0307164388111265,0.3744397372195768,0.1352986489831033,0.0402141329633343,0.4575147315565753,0.0759111640178847,0.9956694612830218,3,4,8,84,842,8420,84200,
250,250,571,58.440972,-3.086389,351,-0.2477935570006997,0.4184676159290793,0.188726869599323,0.0423487073595327,0.5406931164966664,0.0823880173548818,0.99565173467445,3,4,1,12,123,1231,12310,
251,251,572,58.974339,5.730121,443,0.0648670634984281,0.3450228949288086,0.1308620523026952,0.0196180683631772,0.994442770100994,0.0383980229715353,0.999169979065326,3,4,1,12,123,1232,12320,
252,252,573,58.006377,7.554759,449,0.0254276185744986,0.3677136216541191,0.1348477252182829,0.0343160700783201,0.6527209078324778,0.0682012281249449,0.9962864188184976,3,4,3,32,321,3210,32100,
253,253,574,58.995212,9.856379,290,0.0130734567130939,0.4449744540742912,0.1852743712371398,0.0366617246237851,0.8166551164756227,0.0687033986016654,0.996799661146336,3,4,8,84,842,8420,84200,
254,254,575,58.974339,5.7301211,444,0.1468624906991481,0.3453805370755979,0.1231401159985343,0.0427120585685257,0.3820241535531328,0.0725766853537606,0.9971880168921547,3,4,1,12,123,1232,12320,
255,255,576,58.006378,7.554759,449,1.3345491040849784,0.1434282263295413,0.6440404839125495,0.38479529090268,2.5240894913325587e-60,0.5188751604169937,0.5738589877122497,5,4,3,32,321,3210,32100,
256,256,577,58.995213,9.8563786,290,0.4284457916946064,0.4576578666227192,0.1622428727769143,0.0541788093758813,0.3497005233411806,0.0981122507229011,0.9906227543576148,5,4,8,84,842,8420,84200,
257,257,578,58.4333,-3.0833299,210,0.0704954563842905,0.4218244778130762,0.2055174493457399,0.0450517998763854,0.7701233592929556,0.0879690747261291,0.9963778832410431,3,4,1,11,111,1112,11120,
258,258,58,47.88092,-4.1159801,110,-0.0615230258996873,0.3814980128475571,0.1700739060368861,0.0360789897431345,0.9978521978202192,0.0713890986038039,0.997301249940979,3,4,1,12,123,1235,12350,
259,259,59,48.588699,-3.8382599,110,-0.0680839001784846,0.6468159375686859,0.3066941407653515,0.065097997472718,0.7147419656708291,0.1231742004689684,0.9908412005089364,1,4,8,81,811,8110,81100,
260,260,6,47.644274,-3.445852,310,0.0222367556280456,0.341666759163504,0.1451753463656188,0.0423879320831758,0.6178280632498061,0.0663350255351967,0.9972050985425052,3,4,1,12,123,1235,12350,
261,261,60,46.007359,-1.17434,95,0.0140130457428286,0.6239359094167187,0.1692720448458516,0.0814314823853369,0.5276992560145085,0.1274964967975964,0.9931112903276382,3,4,8,84,842,8420,84200,
262,262,61,45.453671,-0.92304999,74,-0.1220115772898945,0.4549974336367234,0.1546464053756722,0.0574881398958017,0.9555876303698316,0.0931786178426033,0.995022234270766,3,4,8,83,832,8320,83200,
263,263,65,45.335571,-0.79517001,66,-0.034658362304044,0.5063756271330087,0.1542042143944316,0.0847394851229824,0.6983450751958888,0.1489943726492029,0.9895420690448,3,4,8,83,832,8320,83200,
264,264,7,48.359098,-4.78075,321,-0.009059575044793,0.3557142960761907,0.1369600519808093,0.0429943497378513,0.5779889986224946,0.0804922351490801,0.9968022643022204,3,4,7,72,723,7230,72300,
265,265,70,45.040482,-0.60351998,60,-0.2092650239857255,0.6317857756117794,0.1692994328944084,0.0526309193423408,0.9933036677128212,0.100928678462453,0.9956061276151004,3,4,1,12,123,1231,12310,
266,266,8,48.718426,-3.965679,307,0.0094402762863205,0.3787990745478524,0.1327527255065571,0.0553754170634989,0.2924037627811994,0.0928872610760896,0.9955069025846024,3,4,8,84,842,8420,84200,
267,267,84,49.917833,-6.317139,181,-0.1507859548065575,0.3223828924237314,0.1362791287754858,0.1017594933405547,0.0438305082653998,0.1660886526123805,0.9785014934015622,3,4,1,12,123,1236,12360,
268,268,85,49.9179,-6.3155999,174,-0.0490551611908031,0.2912942417307959,0.1183642720232038,0.0580252874245391,0.580883306195892,0.1082457941070514,0.9914862775442822,3,4,8,84,842,8420,84200,
269,269,87,49.183333,-2.116667,194,-0.0929489865426146,0.4979055674308021,0.1708064191100823,0.0411513337298858,0.8840168625907293,0.0782565187729029,0.9970536941519488,3,4,1,12,123,1235,12350,
270,270,88,49.92917,1.08449,354,0.1343559567918704,0.6488648096843634,0.2490569740467197,0.0334232910123953,0.8111790202320909,0.0609831634735576,0.9977795396918148,1,4,1,12,123,1235,12350,
271,271,89,49.481892,0.10598,334,-0.0711805304650367,0.6062541812347171,0.217684784605481,0.0496639684828613,0.370155568501976,0.0821370828144215,0.9945788975926456,1,4,1,12,123,1231,12310,
272,272,9,46.15850067,-1.22064996,243,0.0003948132627021,0.4469134729597647,0.1980282293926197,0.0658883610917571,0.2316996850581447,0.1019167019169949,0.9938316748693072,3,4,1,12,123,1234,12340,
273,273,90,49.651447,-1.635508,307,0.041402272819607,0.4215770906015531,0.1563935097396152,0.0465282783562631,0.5047376464347701,0.092433966603766,0.9944184306424656,3,4,8,84,842,8420,84200,
274,274,93,49.93,1.085,354,0.134216381032266,0.6487006126137322,0.2490044780711634,0.0329526942680589,0.8243306593830997,0.0603429389668669,0.997793555763225,1,4,1,12,123,1235,12350,
275,275,94,49.481602,0.1056,334,-0.0709283923549147,0.6064042495991732,0.2177170468557664,0.0499443662436549,0.3633716254640252,0.0824403997704377,0.994576297839448,1,4,8,81,812,8120,81200,
276,276,95,49.651299,-1.6355,307,0.0415879079518611,0.42174013036457,0.1563745824924136,0.04691962773088,0.4939544049275073,0.0928655825132709,0.9944056862588356,3,4,1,12,123,1234,12340,
277,277,97,49.1833,-2.1166999,194,0.0014276876215702,0.5009139349208775,0.1671521921252768,0.0474780128931857,0.7559013560720662,0.0832919155704922,0.995879307688356,3,4,1,12,123,1235,12350,
278,278,99,49.48378,0.11458,70,-0.1493531811260421,0.6080163816192541,0.2227871950512886,0.0490961232099477,0.9929286712048376,0.0792406536661784,0.9966795324129778,1,4,1,12,123,1231,12310,
