station,lat,lon,n_blocks,gev_c,gev_loc,gev_scale,ks_stat,ks_pvalue,kuiper,r2_cdf,cluster
1,48.383,-4.495,399,0.0190853981427112,0.3972181862293658,0.1542137995688405,0.0256873233128493,0.9487972748142636,0.0498451578099749,0.9988333059581292,1
102,50.102,-5.542,377,0.0917304376397988,0.3806612877531758,0.1340577856460978,0.0286492199338034,0.9074646820145352,0.0518633933346245,0.9987602618341368,1
104,50.099998,-5.53333,208,0.2159772767766047,0.2023236932791339,0.3975834211505812,0.2206983925879223,2.2293646737848213e-09,0.4313820259244942,0.7708088463613092,1
108,50.6085,-2.447944,205,-0.2912319676773109,0.4727755857975577,0.2385580731779617,0.1130936638223135,0.0096986887702031,0.2023319143288099,0.9701233863059976,1
11,46.497358,-1.793528,217,-0.0448987484672082,0.4037078104159848,0.163432844540474,0.057892430853117,0.4444548705671377,0.1109931055721497,0.9936657923908448,1
111,50.7403,-1.50714,105,-0.5969825265168291,0.2948276560681431,0.2202694928724834,0.0866599711413431,0.38739245570086,0.1476517308850612,0.989563513852619,1
114,50.70888,-2.76411,71,0.0018741471397433,0.7148504732742902,0.4504124236782175,0.1249320701419062,0.200202349688941,0.2262875443034794,0.9487278552778936,3
115,50.59419,-4.83437,79,0.1664123541711166,1.1518933188195184,0.2827973855903423,0.0449031123639553,0.995187405585976,0.0834252105846934,0.9960444511917648,3
12,47.277217,-1.8898,213,-0.0489453754058898,0.6829272298981919,0.2767720108456944,0.0533689923991247,0.5604740648403399,0.1047977166457678,0.9890856335246018,3
120,50.9693985,1.86772001,308,0.1417345684786783,0.7299682339759972,0.2643279997990854,0.0454768920094036,0.5321257497916798,0.0829083755327376,0.9964615534580948,3
121,50.72738,1.57766,238,0.1018850825995823,0.7319932556234797,0.2818638333007581,0.042671402329834,0.7624568147365467,0.0806648706823059,0.9962454517852172,3
122,50.969501,1.8677,308,0.1414130675516683,0.72927429943821,0.2643516868615058,0.0469830564510492,0.4901488767487136,0.0848991831321613,0.9963511445395318,3
123,50.727501,1.5774,238,0.098471339196213,0.728605413234494,0.2812622758005378,0.0408116396146034,0.8073021450964009,0.0806997224785914,0.9963687816742748,3
124,50.783298,0.06667,205,-0.0004419498137154,0.4282179101185549,0.1529106277406872,0.0601214395131287,0.4322080160745589,0.1146655845771352,0.9899069036568062,1
125,50.368401,-4.1852002,203,0.0336533475017416,0.3928602117355037,0.1375379585097697,0.0476718768992132,0.7269858504090182,0.0811107422498162,0.996574520024124,1
126,50.8004,-1.1102,203,-0.0548324459958432,0.4775273379804078,0.1657100552637277,0.0412532610553335,0.8656690571688409,0.069913734631664,0.9970258432048732,1
127,50.607899,-2.4465001,204,0.0401411433403632,0.4000914717655881,0.1516130765470799,0.0419105305735675,0.8510871617552745,0.0745822697624901,0.9979392533976716,1
128,50.7136,-1.8747,165,-0.1153515384842465,0.3913057112256238,0.1646964261395588,0.0467655567789432,0.8465100954907826,0.0767954149181948,0.9965794601664156,1
129,50.651108,-1.1531577,112,-0.2719935462087974,0.4107857245753679,0.1444711674971194,0.0937056481788545,0.2622575672135734,0.1476857680508614,0.987983943885808,1
13,47.205383,-1.765133,213,-0.0832833431540881,0.7329123201543664,0.3505292770409597,0.0651774760993906,0.3123469515883517,0.1184191355679142,0.9891440991974848,3
130,50.740292,-1.5071276,105,-0.5290920890750921,0.4721439166613481,0.2234025110738753,0.083997373726793,0.4259209155997656,0.1396507663233441,0.9888452035427572,1
131,50.609333,-1.949177,95,0.1308749330138533,0.4009197854459778,0.1668203612505713,0.0713000708330657,0.6925115481868587,0.1271679551397012,0.9913777976326872,1
133,50.594177,-4.8344054,88,0.3176832226006478,0.8285995475349924,0.561040403013962,0.1491684345748541,0.0356977347520656,0.2479289711896336,0.9372438532130976,3
14,47.19345,-1.633667,203,0.0098305584461205,0.8047343520517918,0.4311584924531131,0.0811607785980992,0.1304651919946161,0.1505196076166879,0.9796763528699484,3
140,50.8839,-1.3931,226,0.003597892051633,0.5981557442772965,0.1794074899376693,0.0384736523745358,0.8785057075659182,0.0663837578638362,0.9983656069858337,1
141,50.802194,-1.11125,177,0.0322070151486328,0.460458448657487,0.1628343935413323,0.0624104411628449,0.4767173300448858,0.1233837818571827,0.9910574313344418,1
142,50.368389,-4.18525,172,0.2178199169209377,0.568182182348884,0.4257702001585365,0.1362815766129625,0.0030110440987897,0.2711854169106664,0.9057239408744496,3
146,51.707389,-5.051778,357,0.6403909017347176,0.7384557480589224,0.0235979628845042,0.0767901494011851,0.0281194856735567,0.1290718959281693,0.9840926552179924,4
147,51.6496,-9.9034,105,0.0606973944279375,0.3627375039439779,0.1425503704684848,0.0586031665918999,0.8426743146346468,0.0939378476986371,0.9947255392280486,1
148,51.8278,-8.0007,84,0.2242444516814095,0.4398265297877212,0.2047070695666088,0.0654488512666232,0.8412206397886967,0.1306280977543274,0.9873644327885726,1
15,48.640812,-2.028103,190,0.0469314935622531,0.5543072318001685,0.1866444161064231,0.0498875292453365,0.7123874307150413,0.0811277062519822,0.9959897624527644,1
151,51.716702,-5.0500002,200,0.0699389506200748,0.4379022634465374,0.183105393547351,0.0684154949363821,0.2929497950719874,0.1050917544414936,0.9933944814852976,1
152,51.649601,-9.9034004,105,-0.1455138304187199,0.3273195896640851,0.1412794792602876,0.0685896876748246,0.6805088258100047,0.127309235408256,0.9868383606535072,1
153,51.827801,-8.0007,85,0.2978184787309364,0.8478023098937995,0.2214909769647896,0.0993757916804792,0.3476763806738229,0.1583298646816511,0.9863183115651112,3
154,51.84,-8.3039999,79,-0.0137755065667087,0.3409741147031047,0.1761945641430958,0.1088646227352085,0.2852014905555765,0.2007717684197741,0.9664039001860883,1
156,51.114389,1.322528,396,-0.1146699748467532,0.6527001349698269,0.2369791034050959,0.0513017108935563,0.2399621454938753,0.1022744825006508,0.9921492358487832,1
158,51.211139,-4.112389,280,0.5948619234585282,0.8411525927729947,0.3782647931205439,0.1030926220056532,0.0048107683739968,0.1696551371954193,0.9697495459284644,3
16,45.56843333,-1.06148333,128,0.0471372578818295,0.346860646418419,0.1934229716046112,0.0377293058821738,0.9901568820948214,0.0704963481248206,0.9979441825294468,1
161,51.21525,-3.134472,185,0.0073026843608395,0.7370960430446984,0.3085236807890328,0.0754222042118102,0.231404656819157,0.1234041047565468,0.9877812760987068,3
162,51.55,-2.987444,187,0.0357370305597222,0.9302566604966168,0.2702947835576763,0.0369238335006883,0.952442158330004,0.0639006082834518,0.997360174858375,3
166,51.38198,1.11553,173,0.1587328960169119,0.8225774828558883,0.364384650574224,0.0474919001960865,0.8121806003352454,0.0949375614603713,0.9954697868636726,3
167,51.22378,1.40923,115,-0.1178655354312807,0.6043647838221038,0.2430366811530814,0.0663623118810987,0.6667394000609579,0.1208240123163829,0.992709349124147,1
168,51.57012,-2.70001,76,0.7431951855459883,2.3288104270967462,0.2907624703932936,0.0657008773701109,0.8766098659260463,0.1188573071663908,0.9895324532930092,2
17,47.305667,-2.0883,165,0.0967388303440772,0.433412334172481,0.2790168163920691,0.0366881969950093,0.9735668774063486,0.0713320624233441,0.997803017477932,1
170,51.048091,2.366698,364,0.113825821703025,0.7573760595940459,0.3045216116989977,0.0393241143566428,0.6123779170009054,0.0726261764885698,0.9974053800284218,3
172,51.399148,4.209993,288,0.409761946735525,1.1392156967808145,0.4498666718565519,0.0687949258043016,0.1249518374435525,0.1361361154878058,0.9826092742421776,3
174,51.511332,4.165743,175,0.0704352220741559,0.9044448273305212,0.3485979129631315,0.0905263043859054,0.1067459258709294,0.1600633120253205,0.9804322018513484,3
175,51.399115,3.564552,80,0.1804205237942933,0.9369221613833733,0.3954046581129944,0.0986482328821662,0.3920982697974968,0.1660851186742275,0.9832466909485992,3
178,51.750754,3.811483,234,0.1846020633323107,0.956887325633359,0.3820526703147996,0.059992162664549,0.3546637966015632,0.1109341346606716,0.9897049233849032,3
179,51.655118,4.102756,153,0.2473380325477109,1.0333875669869852,0.4140220622924533,0.0744103764935152,0.3479595594004103,0.1466704244190871,0.9833842417820264,3
18,47.542676,-2.895167,133,0.1002531603358229,0.395575358319705,0.1931551816928226,0.0611784705670023,0.678734641533183,0.117149891771861,0.9858285325440084,1
180,51.675798,3.756442,98,0.2138726568932831,0.9377528960508716,0.4021521746564361,0.0728152304005601,0.6492383253224008,0.1276363952545561,0.9890080643442578,3
181,51.379296,3.376275,288,0.1374766774796496,0.8722560561028536,0.3600985036582189,0.0714444768855913,0.1006792294914354,0.1141864755944934,0.990171988690735,3
183,51.60088,3.85938,97,0.2291728639740282,0.8376332762425523,0.419121588185087,0.1052589032221151,0.2169320447665595,0.1572025945733673,0.9823097683688116,3
19,47.873549,-3.907207,154,0.0959901177882724,0.3567782514570039,0.1542113766805422,0.0539905764697239,0.7395194380475035,0.0978303672235672,0.994275421447325,1
194,51.445556,4.006959,347,0.166293372852636,1.0341922810929989,0.3849311720698612,0.0823328017828442,0.0170715880427268,0.147174599173973,0.9794591219091452,3
195,51.863131,3.860766,214,0.1008651647246083,0.810006527944371,0.3285448028951086,0.0544284974782899,0.5322644676520615,0.092883716218223,0.9929843267873936,3
196,51.835992,4.054941,70,0.5386669890423987,0.3586006779706007,0.1847192257054977,0.0577724901193056,0.9630083499925732,0.1138515458151062,0.993214478244472,4
197,51.829224,4.04484,98,0.3796808097384122,0.9883596083611876,0.4362936983330698,0.0636863338658502,0.797650436377094,0.12735130247408,0.9846831138345696,3
2,48.383,-4.5,435,0.0225555240355326,0.3960391627037594,0.1554182648302666,0.0261952359239926,0.9186713562388524,0.0501042131261318,0.9990052308016004,1
200,51.819721,4.128239,347,0.4453010427311175,0.5282602512089013,0.2548259783461596,0.0875775119230966,0.0091509142746231,0.1673833556189806,0.9681666657714753,4
203,51.977572,4.119881,347,0.0660012961644959,0.8267324435465069,0.3285076040535014,0.0619980632198937,0.1331006970538325,0.1148222224696894,0.9887775130093744,3
205,51.543944,3.865419,93,0.2178012865079222,0.9430170850296472,0.4214072924901453,0.0801710100997711,0.5609338618198447,0.1452547669326034,0.985238766350261,3
208,51.666274,4.095356,109,0.26344972699068,0.898859473054505,0.4497481606847213,0.101486561784342,0.1976161201206325,0.1761251318383119,0.9774495237295948,3
209,51.659342,4.144264,180,0.193969180327222,0.8626282097373221,0.3958429865983217,0.0572501788183004,0.5767557555422672,0.1124854822785004,0.9900443764613184,3
216,51.773558,4.192415,134,0.4825215753546327,0.4820787239803607,0.1711554772676733,0.0895674169372845,0.2191107738594262,0.1515940304463839,0.9813610076220683,4
22,45.199667,-0.744167,91,-0.0994380583959363,0.5210626892469357,0.2547088607159462,0.0449409768966664,0.9890271981067495,0.0832083390883972,0.996767922017888,1
226,51.619106,3.686358,191,0.0382684170282318,0.7635212872487559,0.3318018827907049,0.0491673472271359,0.7259570421315674,0.0927884678191757,0.9946659393195662,3
227,51.619592,3.682065,192,0.0675113905981025,0.889124810963643,0.3511774958490052,0.0468166157518276,0.7759455958152318,0.0890020482201362,0.993839647472204,3
23,45.453667,-0.92305,74,-0.1224830442289669,0.4651846571501893,0.1543428625956081,0.0540979980134852,0.9738206782720163,0.0939775415871695,0.99476414317282,1
236,51.595404,4.006011,288,0.184160413081157,0.8878051180583941,0.3959777621509704,0.057790555182386,0.2803318972271307,0.1109107274224532,0.9905573564600124,3
237,51.626665,4.254928,160,0.4717191405139772,1.2054894763754485,0.4509669922702802,0.0754197857269258,0.307051603631318,0.1426798461219185,0.9796376505793322,3
238,51.827026,4.033445,75,0.2527279305509506,1.0955580798517683,0.3874646397193406,0.0899087961985675,0.5489626024715664,0.1603351088315077,0.9805986398921878,3
240,51.336209,3.819812,347,0.1803404182235577,1.007802594476762,0.380725625313616,0.0799268097188613,0.0224341780946259,0.1410963338524077,0.9828307537558522,3
242,51.599317,3.75183,85,0.1966186909550933,0.767740891522235,0.4169957598610561,0.0815582679477905,0.5949574438149081,0.1339502779636079,0.9875524237685572,3
243,51.442308,3.596057,347,0.0886402716879344,0.9173887731870084,0.3472099213451509,0.0690221348008946,0.0699061408581354,0.1184930950762927,0.987915343851892,3
245,51.496839,4.056964,169,0.2183134697558323,1.074859326900194,0.4042389482631905,0.0877617758323398,0.1394370791566781,0.1620770088893737,0.9796497232377912,3
248,51.521445,3.440031,288,0.1302426846994626,0.8511357332225045,0.3479630840012901,0.0787679971188287,0.0531109976590279,0.1154689636516337,0.98918127075464,3
251,51.642157,3.910813,157,0.1944969687055414,1.024347424218554,0.3896754856408609,0.0671491839863763,0.4587278505409652,0.1229540579794156,0.9870857586800902,3
255,51.76762642,3.61712418,257,0.1296147117666582,0.8479494119177893,0.325151572322864,0.0750769283603659,0.1048295780570472,0.1247961506451906,0.9867831626348356,3
259,51.64286987,3.4810545,190,0.1059568910459341,0.846535806673401,0.3263308463251431,0.0747670187961473,0.2270511912705063,0.1335223853538876,0.9822964977023032,3
260,51.39842692,4.02620594,185,0.4358147065481945,1.185290559340099,0.4379533346843086,0.094321393962632,0.0696560288290069,0.1820464837311581,0.9706894825725396,3
264,51.37786806,4.16499237,141,0.3848418354470501,1.17851048242335,0.4149931730985621,0.1102718883249995,0.0599898684538581,0.2038709923772521,0.9689287837352728,3
27,45.335567,-0.795167,66,-0.0310299280103904,0.4771942642755962,0.1548312008683827,0.0752642588634519,0.8215070921866944,0.1465643694914191,0.9903448670491451,1
270,51.50615366,4.07513028,101,0.3982062085266106,1.0111391289305507,0.4318265124152528,0.0786336290346405,0.5340255263801026,0.1441903793147723,0.9848848809805278,3
271,51.95823879,4.16144308,105,0.0206067050988869,0.8592846834555417,0.3232061008924822,0.0620233374125417,0.7905650661627991,0.1105016917717349,0.9921439283080524,3
272,51.34208224,4.24763328,99,1.025776851897841,1.433721500258317,0.6006360632365162,0.1015641757767948,0.2419767465008796,0.1961814137283981,0.9579734414694444,2
273,51.72154375,3.67591773,74,0.1273641862711116,1.0220285898468924,0.3408801422456783,0.1129072225779485,0.2804637376389716,0.1949231141270653,0.9612468051379196,3
277,51.58282787,3.47102233,63,0.13495671628985,0.8792790914585207,0.3593465982580288,0.1174268156184233,0.3243244392079454,0.2206351057575764,0.9653048903361238,3
3,48.38290024,-4.49503994,433,-0.0085761501924027,0.3930610810141822,0.1576290868538326,0.024117102549469,0.9575001622794742,0.0462986579932408,0.9989741480115132,1
326,51.048199,2.3664999,364,0.113944257968427,0.7572484597338586,0.3045164506001648,0.0391160745992621,0.6190483718031464,0.0722079096051751,0.9974084176006338,3
327,51.116699,1.3166699,199,0.0227237690278328,0.666308306904052,0.2642887842333658,0.0413748933123848,0.8708994524937702,0.0777368401917097,0.9963623586558916,1
328,51.216702,-3.1333301,197,-0.118851409395565,0.6841993365138692,0.248455235923,0.0316905966217063,0.9854505489830928,0.0615536969811031,0.998257059515004,1
329,51.216702,-4.1166701,194,0.061185356970331,0.4592285211084721,0.2077747190539794,0.0417849351245692,0.8728776704870151,0.0756921784996112,0.9978097361404166,1
330,51.549599,-2.9860001,182,0.019585482233424,0.9196323637796128,0.2637722327201931,0.0404653383629289,0.9149471126954546,0.0680039889172009,0.9970772598259128,3
331,51.569698,-3.9737,172,0.0311914732792534,0.3089882140561079,0.2541760582798151,0.0613747950018673,0.5162844655476847,0.1156366398352232,0.9923461323221322,1
332,51.450001,0.75,178,0.0189502924059672,0.8730027963991192,0.3490152509127776,0.0537027753870822,0.6633392516898042,0.1007872770430022,0.9915803787483652,3
333,51.381985,1.1155597,168,0.1457033189470137,0.8193632453700543,0.3636635151622789,0.0545573597967629,0.6785172513133596,0.0984041866399901,0.9953658509203924,3
334,51.507099,-2.7114,140,0.11940814683403,1.0674159505712009,0.3013337794326136,0.0496192172516348,0.8636903730791455,0.0890407702447485,0.9927543447696908,3
335,51.966702,1.35,128,-0.0582342760281922,0.7052564866529153,0.2999014072038487,0.0519044510499634,0.8627508693798824,0.0967911630296442,0.9938431499637772,3
336,51.948002,1.2920001,124,-0.1804260699267718,0.7523817712438796,0.2962962577617132,0.0483920725305143,0.9198633840003536,0.0893472722050834,0.9951868634222896,3
337,51.223793,1.4092588,115,-0.146021200722744,0.6089616500508167,0.2470262251254669,0.0652950952488999,0.6860345844765627,0.1209501375888654,0.9924897156587184,1
338,51.5,-2.7284,100,0.2471119067511253,1.1828827591917932,0.4102553243064565,0.1178828582154828,0.114456641675012,0.2241222583456517,0.9503663323207796,3
339,51.570122,-2.7000217,79,0.6147157077903571,1.2588464511261532,0.4202979602021149,0.1117602732798429,0.2574420430731116,0.1857432887862901,0.9683017860591644,2
342,51.522301,3.4402001,63,0.2268532815817797,0.8617255788880066,0.3352900648073597,0.0611042453811651,0.9613399474167792,0.1206155215365433,0.987879272201813,3
35,45.040483,-0.603517,60,-0.2101637710262438,0.6254415273807137,0.169196780837489,0.0530448841305841,0.9926451510243312,0.0997062853990364,0.9956236294275916,1
368,52.3385,-6.4589,86,0.0663074481359914,0.459915780584167,0.1645384709095123,0.0700755137862948,0.7655654669727341,0.1337401985008264,0.9881174639998404,1
369,52.14767,-6.99188,77,-0.1241833653510713,0.4207223557032061,0.1667929342919237,0.0573386961623373,0.9492646164990948,0.1107802082810835,0.9936532418014046,1
375,52.792,-6.1451998,129,0.020928099355899,0.4779555283755899,0.1801597796762175,0.0412162629056003,0.974430561731662,0.079764739066966,0.9963378135476924,1
376,52.338501,-6.4589,88,0.1914107830533995,0.5884858336383961,0.2123848088926399,0.0603706267524144,0.8861156422834024,0.1128813757755661,0.9953865123524266,1
377,52.2696,-9.8620996,87,0.2498472396525863,0.329017795093262,0.2601443676008302,0.135896606214705,0.0730700692941398,0.2601310237736624,0.9202197961901804,1
383,52.473083,1.75025,367,-0.0576509679783797,0.6694012206248519,0.2898773860624994,0.042182218489988,0.5173306327147604,0.0780852813296262,0.9951086727631884,3
384,52.934194,1.301639,227,0.0495682458351237,0.6727300191591385,0.3297513510722171,0.0543582184394439,0.4964979428959739,0.0841186740959484,0.9967481234842956,3
385,52.719333,-4.045028,184,0.3842491053304241,0.8259254421201312,0.4845360960022302,0.1112696385752491,0.0193601857947463,0.206713032419835,0.9609197499901924,3
386,52.964357,4.74499,347,0.0669213881015773,0.85488764766393,0.337062325235628,0.0522284014196746,0.2900311748926538,0.0916112154576259,0.9922246906021496,3
387,52.931535,5.045596,288,0.2139228505690566,0.9393928282176898,0.4135928882591052,0.0700416113384769,0.1129925329342779,0.1235855413205031,0.985100977742701,3
391,52.462323,4.554823,228,0.0959630603692565,0.994171619808569,0.3405046479828736,0.0844939901217212,0.0727436701766205,0.1304085302974452,0.9862154293841056,3
392,52.467249,4.60506,134,0.1641214245803137,0.9846705532104112,0.3531917915683485,0.0765196190617576,0.3929106688247871,0.1434072958234283,0.9847551475481656,3
398,52.934137,4.792286,61,0.1099316211099575,0.7345826789551019,0.3761900872099987,0.0676877221584947,0.9247050173982972,0.1308348738656374,0.9902363469930672,3
4,47.266862,-2.20155,438,0.0032573095047046,0.5005904541374462,0.2231547438287967,0.0303563513096615,0.8026797040937569,0.056179113082199,0.998078572145189,1
400,52.772657,4.649702,242,0.1393314431149747,0.8673838965048237,0.342726077231343,0.0615615222152194,0.3055603531570691,0.1017353222615054,0.9921093105394234,3
401,52.099033,4.263563,337,0.0939963743469675,0.9153885847093044,0.3450434003796645,0.0655797718568123,0.1053681130181362,0.1155823872810634,0.9897902036646986,3
403,52.09903557,4.2635626,164,0.1532836233317447,1.0510559264966086,0.3021711866777311,0.0532560616544121,0.72034695410399,0.0976707627318775,0.993894879390074,3
404,52.46394337,4.51759573,128,0.2064884182200935,0.904396680030128,0.3667778825818423,0.0459028111535591,0.9387441569821168,0.0808727558383379,0.996598744132212,3
405,52.77265954,4.64970234,76,0.1762096506547183,1.0872631723046535,0.3235132865239152,0.0816040329822187,0.6616919472683045,0.1603642535770049,0.9808344018012752,3
41,48.3829,-4.4951,433,-0.0087023474564344,0.392459472661482,0.1575774659344421,0.023741606249385,0.9628217577383784,0.0459626020159604,0.9989924971303172,1
413,52.9333,1.3,211,0.0160250718594462,0.7104508180804725,0.330154631480186,0.0532626821888828,0.5689779839533333,0.0815086530573805,0.997100280022138,3
414,52.016701,-4.9833298,207,0.0076798131608969,0.4114705472718686,0.1633129013511932,0.0356504339170343,0.946564835272123,0.0656071774067774,0.9976638451023836,1
415,52.466702,1.75,211,-0.0394015315371167,0.6578592128597891,0.2934120092424586,0.0384749004236811,0.9015432247096756,0.0719743937779476,0.997261576563734,3
416,52.716702,-4.03333,180,-0.0357743465547985,0.5877984166860262,0.2900085624421976,0.0392160987971552,0.9344463589039738,0.0753079413394295,0.9971088276060356,1
417,52.931274,5.0479212,64,0.1770043698980461,0.2163705250223879,0.0945240866672714,0.0908170732657475,0.6335132350690098,0.1612707105930991,0.9825219158374852,1
418,52.932617,5.0459771,64,0.2842938762013391,0.9908288350048108,0.3937346058083404,0.0654823993071556,0.9297966933303748,0.1145353732156385,0.994388904365902,3
42,47.27,-2.2,438,0.0033451432676139,0.5003982642529742,0.2231883337821805,0.0304548498891178,0.7995286300435404,0.0564870101417636,0.998079618342461,1
423,52.464966,4.5179009,64,0.2993238508419645,0.9461083060376329,0.3421918664213617,0.0557031134776174,0.9823463108920496,0.111320456666778,0.9941003470267212,3
43,48.359299,-4.7809,321,-0.0091027810387322,0.3560018726684014,0.1369598201759694,0.0427566117766087,0.5850659619160096,0.0803108504790286,0.9968054464168246,1
44,47.644299,-3.4459901,310,0.0227592334782282,0.3464583126113672,0.1450705868912831,0.0434449680827634,0.5866704772484754,0.0696225951497893,0.9971413968701348,1
448,54.842556,-5.120028,335,0.0080786171162187,0.5263274405652221,0.2117890592882065,0.053885140257376,0.275059263913135,0.0970577417662182,0.9947905597769172,1
45,47.140381,-2.24635,303,0.1049988109872444,0.4299021746991101,0.2041121578123529,0.040523801309804,0.6866369167909299,0.0679744272446438,0.997014913689905,1
450,54.6364,-8.3949,103,0.1248602132952999,0.4580144767978185,0.2254234872344697,0.0782197281405856,0.5284745450576274,0.1457748451014712,0.9859887371932572,1
451,54.9905,-8.4955,98,0.0267222426878008,0.4705435520365172,0.1844169887442785,0.063982603699868,0.7931205675584307,0.1244907003672823,0.990658744286878,1
452,54.2536,-9.8928,93,0.0540162077150157,0.3854794381640124,0.1412704101737142,0.0638637892073696,0.8191098319981157,0.1077745755456659,0.9952019599581804,1
453,54.3099,-8.582,76,0.1680671016005773,0.4550078660798482,0.2454188432349053,0.0649852448321638,0.884438193113271,0.1227373098073028,0.9939485479906188,1
455,54.8424,-5.1188998,199,-0.014132617796409,0.5382428273990266,0.2122534390781799,0.0511535335779567,0.6557546030701555,0.0864152499213433,0.9950616897794952,1
456,54.665001,-5.6691999,172,-0.0341531442934656,0.4730133286376412,0.195690289784023,0.0517900540089032,0.7254377432606371,0.0895508575133254,0.9962388287316152,1
457,54.636398,-8.3949003,103,0.133316932798685,0.4552822171322759,0.2279165699511424,0.0709748688122736,0.6507503003027466,0.117229832673315,0.9908340988987856,1
458,54.989601,-8.4956198,98,0.0568885924807382,0.4300551637065888,0.1786023676621477,0.0539904113539246,0.9226801169270802,0.1036116231406775,0.9934263305407174,1
459,54.252998,-9.8900003,94,0.0596868509959076,0.3565421067772547,0.1332996020822963,0.0512389586738043,0.9552809578763904,0.0925373605655953,0.9932885631047969,1
46,48.718399,-3.9658999,307,0.0122926954930666,0.3782495767959318,0.1331540722750507,0.0545440663845104,0.3092816850980008,0.0930537981148167,0.9955109760042384,1
460,54.3046,-8.5689001,72,0.0157899922878418,0.4222255319570829,0.2602703185609661,0.0719071856570681,0.8245279519403533,0.1391442037629609,0.9891340697596382,1
462,54.031833,-2.92025,352,-0.0236933645660036,0.7809077837220917,0.3346289731227688,0.0512938661567105,0.30219071623105,0.0958674635265496,0.9924463417678392,3
463,54.49,-0.614694,265,-0.0500678464150498,0.5309682664704034,0.2451444877400505,0.0461181740201969,0.609148797401054,0.0851693250861612,0.995480790682016,1
464,54.650722,-3.567167,198,0.0027036473153076,0.7955920496279432,0.2781860959546594,0.0696529289698913,0.2788369424435953,0.129032005816589,0.9906189713362,3
465,54.085222,-4.768056,181,-0.0005295285700107,0.512785873222865,0.1963443666939992,0.052342945244544,0.6842053299430664,0.0922898324017405,0.9964584176794652,1
467,54.48862,-0.61462,66,-0.0606077419952394,0.4362624223937407,0.2538848193567884,0.0614508457770086,0.951346654695886,0.117124307914905,0.9903651807787228,1
468,54.82326593,9.65412763,151,-0.0268514894547881,0.6027250650130254,0.2468175477260642,0.0541872848651101,0.7460910275749096,0.1063432324847399,0.99162283531536,1
469,54.79504891,9.433011,151,-0.0133656860707298,0.6388659371564265,0.2535811437266911,0.0655997641409341,0.5131140509525027,0.1140179422966538,0.989870355234356,1
47,46.148701,-1.2259001,243,0.0057291526582639,0.4560042790864034,0.1982987919995935,0.0558758747073173,0.4187384172841434,0.0938441584772257,0.9943006703132784,1
470,54.75978757,8.29700482,151,0.2147014443659473,1.0828855442691872,0.415139784436809,0.1064534674350474,0.0605667786230058,0.2076702797133429,0.9688498408501652,3
471,54.73219748,8.6880067,151,1.029590056201541,1.5066758917516254,0.5001144030230655,0.1426055134511596,0.0038374397183912,0.2243691948841952,0.9344835689296018,2
473,54.63344017,8.38492638,151,0.5317075751412739,1.2403951377810754,0.4765579210959634,0.1411237509506606,0.0043655366403975,0.2617923373724895,0.942398108329058,2
474,54.50258302,8.70305048,151,1.0570001025278728,1.5115185873214902,0.5114278789205232,0.1757624639307852,0.0001498690520941,0.2455508561215212,0.9106049893130996,2
475,54.47470223,9.83599307,151,-0.0413329109921625,0.6007479501737003,0.2483153705235451,0.0609768714954717,0.6063414157883255,0.1154464960332637,0.9913247657630454,1
476,54.47394247,9.02585594,151,1.1763121067733775,1.7177091896388412,0.3332231952836183,0.1265920691609093,0.0143856620518631,0.1516212392109474,0.9558234675476904,2
477,54.26591826,8.84211831,150,1.0169307583208846,1.43502903040397,0.4832660598338655,0.1136479024434017,0.0382722035428149,0.2108788308977389,0.9539013091785936,2
478,54.26586489,8.84958039,151,1.253736864366651,1.8232397050976703,0.2169315145596366,0.1131131094566731,0.0387045635476936,0.1302932063568135,0.9579498066922216,2
479,54.18052298,7.89080439,151,0.162639846491515,1.009040472668666,0.383526139036519,0.0676950728899122,0.472847608177366,0.1339377587722827,0.9828546715126298,3
481,54.1233805,8.86015778,151,1.08229727413177,1.554378243432975,0.4832103534013118,0.1250341474666007,0.0162215379761122,0.2216185833751699,0.9469837608855416,2
486,54.31632455,8.95122149,151,1.0894037975677344,1.8653918150893471,0.144340915237629,0.1222826414865859,0.0199816616812659,0.2040717074739956,0.9561138325943738,2
49,46.497501,-1.7938,217,-0.0438494987733798,0.4029981434405869,0.1635327468481619,0.0565326508288757,0.4747138131367133,0.1089876294811128,0.9937668576054098,1
492,54.033298,-2.9166701,203,0.0319981962931263,0.7336180652105181,0.3357338800536907,0.0677763575785859,0.2951889414431935,0.1179194918033921,0.9928835699366312,3
494,54.483299,-0.61667001,211,-0.0574628515820211,0.5258455766697647,0.2294827996293947,0.051422939289429,0.6135492917607743,0.0911425938535745,0.9961053598515924,1
495,54.650002,-3.5666699,197,0.0326770109922025,0.7019203297454958,0.2936181413617673,0.0652298513301898,0.3562311147778951,0.1139134076374593,0.9912647152656384,3
496,54.0854,-4.7680998,121,0.0017343308846694,0.4784764680666321,0.1813965651953136,0.0503990454845695,0.9029094197270318,0.0912060775510782,0.9964824054477496,1
498,54.282497,-0.3902857,76,-0.115524294913907,0.5096264190037327,0.3257683019719273,0.0543382264221214,0.9693510159079448,0.1013450829373338,0.9936741832784936,1
499,54.916698,9.7833004,67,0.6195999879293892,0.5735732580412629,0.1457311021960913,0.1256414080100047,0.2213895259844529,0.2132321063592332,0.9566315664624292,4
5,47.140383,-2.24635,303,0.1049988109872444,0.4299021698051353,0.2041121578123529,0.0405250362473748,0.6866007897478374,0.0679750615402941,0.997015029104158,1
50,47.277222,-1.8898,213,-0.0489839827001648,0.6829175314456051,0.2767769157219902,0.0533454302167485,0.5610397381013018,0.104768617474894,0.9890878292426314,3
500,54.1222,8.8591995,65,1.140872868967704,1.494839397940683,0.5568151560431995,0.1214032075603958,0.2708730268264164,0.2105923396394581,0.964291123940023,2
501,54.730999,8.6870003,67,1.1241793595352658,1.5036957984739383,0.5476914668751013,0.1477788705505284,0.0966277117681633,0.2672158285497132,0.932471994867448,2
502,54.474998,9.8369999,67,0.7202031738923025,0.6055084448339467,0.1553304130515856,0.0893045067782752,0.6267035373185768,0.1714133596481345,0.972030061050049,4
503,54.265999,8.842,67,1.0971902892449306,1.526965126357822,0.5072715234281404,0.1447546913051574,0.1090892019854082,0.2585825367645815,0.9333341193272988,2
504,54.796001,9.434,67,0.6026442502427656,0.6285068157470872,0.1507505221296408,0.1048936184893512,0.4234235581550674,0.2077175557618584,0.9616265031668008,4
505,54.178902,7.8899999,67,0.1560938405811911,0.9776316749689272,0.3709476765933999,0.0621883005619163,0.943512726057034,0.1242484534723371,0.9891856065101806,3
506,54.757999,8.2959995,67,0.3272957853138347,1.1070059206453786,0.4182262804580359,0.0844434782115179,0.6939151407199375,0.1633789009373444,0.9807688454510638,3
507,54.472,9.0249996,67,1.04484971447067,1.6097482386678204,0.3904502467192858,0.1324049333909143,0.1743682635890341,0.2327203906803468,0.9495754477758588,2
508,54.82333,9.6549997,67,0.5472038561258724,0.5946595647896172,0.1511161983451721,0.1280267069190941,0.2038126318208846,0.2208029594033176,0.9550122833214671,4
509,54.966702,8.6660004,63,0.2920331444687797,1.162513512695844,0.4038054720628137,0.11339306967688,0.3651237332355767,0.225799071899188,0.9677081573558366,3
51,47.205379,-1.76513,213,-0.0832833431540881,0.7329051155472943,0.3505292770409597,0.0651958335927128,0.3120282458008774,0.1185152705639354,0.989144305293824,3
510,54.488632,-0.61463588,66,-0.0378661728523655,0.4622217594295719,0.2570920620523756,0.0578693096986496,0.9707393220277664,0.1135057556620561,0.9904588856368408,1
511,54.632,8.3839998,67,0.8682416157622628,1.3320330247031875,0.5620694185639035,0.1459330199584788,0.1040845946444967,0.230295889686396,0.9309449310103266,2
519,55.206778,-6.656833,177,-0.1373484505216855,0.5385821856743434,0.2053863869769595,0.0427212192368368,0.8892670346003544,0.0817157456660252,0.9959332667889716,1
52,45.853409,-1.17782,150,0.137240401637395,0.464421357250753,0.2652289803583246,0.0997501456067634,0.0943426742240807,0.1774555240198336,0.967008725907965,1
520,55.627583,-6.189917,127,0.1251066555413818,0.1942999971266431,0.0298459684979836,0.0622352337122488,0.6852674260830882,0.1228300890802518,0.9864277184139932,1
521,55.3717,-7.3344,95,-0.0779933880131114,0.439712517926317,0.1929534422342365,0.0488491092886228,0.9689243285083218,0.0916304235805061,0.9943220343865904,1
522,55.200001,-6.6666999,176,-0.04374133224996,0.4767577519219616,0.1946792712507462,0.0367004901825069,0.9647635951861072,0.0702964345401233,0.998050752176707,1
523,55.627399,-6.1901002,119,0.2431405071355147,0.5437034606290352,0.2048939897046454,0.0487463961468591,0.92672054293151,0.0969449537859989,0.9928070780483236,1
524,55.3717,-7.3343201,94,0.1168311406763789,-0.0288982323732583,0.3196076572080349,0.076305200135912,0.6166696648570825,0.1422348957764492,0.987029139643152,1
526,55.749806,-4.906333,266,0.41104346890122,0.3317066393574905,0.5275528868813484,0.154947417530311,4.824835655279319e-06,0.2752745190179778,0.9113108640347172,3
528,55.01826759,8.44140467,151,0.2048662923821796,1.0631228687431316,0.4149907769986855,0.1070230483441708,0.0583530971707145,0.2133311933559568,0.9646579205373138,3
53,47.193451,-1.63367,203,0.0097664316148908,0.8047689363218071,0.4311929266647608,0.0811467285653418,0.1305873927830239,0.1505213366952864,0.9796955351171056,3
530,55.4667,8.4333,446,0.5637181067894999,1.1990378535651969,0.5247079725059076,0.1013827008238357,0.0001917179276335,0.2004254780944901,0.9580260184203347,2
531,55.989799,-3.1803999,202,-0.1785063550923455,0.5118164022456173,0.2199685695454275,0.0413227816711411,0.866242693487454,0.0819115316686695,0.9973331294234794,1
532,55.749699,-4.9046998,208,0.0611610109187287,0.631645120876466,0.2725811129512528,0.0507657987008129,0.6383601716392022,0.0852646724361378,0.994173748012876,1
533,55.0,-1.4333301,211,-0.2208622803727659,0.4739545740367976,0.2150935233033215,0.0488836531539347,0.6757511761417596,0.0907125189758214,0.9954592633678896,1
534,55.5667,9.75,121,0.3950659490821617,0.4714701638023727,0.1458413742307433,0.0606698218379636,0.7412683650545349,0.1065114235619469,0.9924660541287535,4
535,55.0,9.9833002,111,0.6565171420053465,0.6201188289130626,0.1970504043984979,0.0968726258932817,0.2330364253586236,0.1867682304676642,0.9775009431201708,4
536,55.266701,9.8832998,67,0.6339378074679155,0.5343468409128813,0.1318437869869886,0.1793553596112102,0.0234055158079347,0.3006135152563502,0.9350312269608824,4
537,55.466702,8.4333,64,0.4214503128699354,1.1411750491699513,0.4438510922962345,0.1064597407833088,0.4328587026022539,0.1842163974932923,0.9806906487663092,3
538,55.016998,8.441,67,0.3174461225738684,1.084704088120345,0.4231907251932698,0.0986988384213787,0.5002679767046184,0.1902064803742429,0.9725198385178612,3
54,48.641102,-2.0276,190,0.0475293192534446,0.5536847112878776,0.1866127702061366,0.04993561287309,0.7112831729428939,0.0809467460175273,0.9959704132665154,1
540,55.130798,8.6858997,61,0.5067345593829417,1.1460909109986308,0.348791366187814,0.0750639840848723,0.856320135546904,0.1401797244920255,0.9850749273796748,3
541,55.1833,8.6833,61,0.6531261482193788,0.9593989074998346,0.2223243197823325,0.0582770337811908,0.978064287493197,0.1106308792396805,0.9912464124905674,4
542,55.087002,8.5654001,61,0.3208651123483643,1.167645805150145,0.3775785375503593,0.079217149349258,0.8095983614522524,0.1564701446924597,0.9836259030503784,3
544,55.283298,8.5832996,61,0.3349434663224789,1.1099450902741026,0.4170403987292364,0.0843462772065523,0.7463552073347284,0.14133654041247,0.984327892593194,3
545,55.333302,8.6833,61,0.5794110639092145,1.3128105979172622,0.4290731580413501,0.1261788517162811,0.2630225831698803,0.235451643402275,0.9627513341890862,2
547,56.6231,-6.0630999,195,-0.1492289728299068,0.5075919354063875,0.2130964175815485,0.0479503055382869,0.7424558093257996,0.0874749935793644,0.9958768612228756,1
549,56.633301,9.8000002,78,0.2850533078270811,0.4529663879507106,0.1281901485257786,0.0889504427343302,0.5381772443292476,0.16756614798332,0.980038113047028,1
55,47.305672,-2.0883,165,0.0967388303440772,0.4334123353830265,0.2790168163920691,0.0366881946709796,0.973566893036551,0.0713320609524854,0.997803017462272,1
550,56.524601,8.1152,61,0.1927985574449404,1.2204762340306348,0.4116117596938952,0.0989687542178539,0.555128818480187,0.1726299015575142,0.9776885451141968,3
551,56.7075,8.2089996,61,0.554121276895803,0.8746667786821317,0.273078925978835,0.0825656345507261,0.7688470332484918,0.1407850802109486,0.9909295886794636,4
553,57.89525,-5.158056,309,0.1640381677281042,0.5983622987398876,0.3147350573572933,0.0906973975523831,0.0115995107056195,0.1780703478021757,0.9582814047879136,3
554,57.8955,-5.1567998,208,-0.0244796696663321,0.487694947880578,0.1965601082891654,0.0460935414297391,0.7508804769559394,0.0806275581227467,0.9979156786098629,1
559,57.150002,-2.0833299,208,0.0774891268249817,0.4389591539002357,0.190875761433595,0.0355124993547306,0.9471965120295132,0.0705980653676884,0.9968468408382924,1
56,47.5429,-2.8954,133,0.0999986936234273,0.3943757251344976,0.1932019077468545,0.061835516133906,0.6659531739173745,0.1180916495858356,0.985852951985128,1
567,58.216702,-6.3833299,205,0.0976563592300674,0.4313238166518617,0.1567719145463015,0.0310081312443616,0.9858072269836312,0.0611940211303639,0.998500988087234,1
568,58.457199,-5.0496001,190,-0.0376298864271265,0.5364769510267967,0.2393274630519974,0.0330491841738768,0.9812875931371194,0.0634030971782562,0.9976933171164788,1
57,47.873798,-3.9075999,154,0.0869147113694489,0.3465153161003078,0.1540770657073012,0.0558044495391075,0.7022002770214657,0.1009888208957895,0.9935887482077852,1
570,58.0,7.567,444,0.031090780547336,0.3736564790767759,0.1353258951394138,0.0409635567941583,0.4340509494126182,0.0777305805922492,0.9956528008886628,1
571,58.440972,-3.086389,351,-0.2460851273939532,0.4614278376300731,0.1890314446036184,0.0417583759355725,0.5587606836701287,0.083016060066914,0.9959086700158242,1
572,58.974339,5.730121,443,0.0649235340765207,0.3454201186139368,0.1308583961970658,0.0193646369094346,0.995301502989635,0.0384592574912924,0.9991728736475526,1
573,58.006377,7.554759,449,0.0255533968520758,0.3673808053276483,0.1348797784511478,0.0336784114535921,0.6755076263916671,0.0672660342014532,0.996286762023484,1
574,58.995212,9.856379,290,0.0194650122041222,0.462404113418954,0.1867509289845524,0.0368261959112705,0.8124690079995779,0.0723659110565002,0.996645178674104,1
575,58.974339,5.7301211,444,0.1468376289693112,0.3455543217424959,0.1231238634025755,0.0428851590885623,0.3770905415724714,0.0725826886401416,0.9971834635049877,1
576,58.006378,7.554759,449,1.3414132656616735,0.1484886201702656,0.6405322032991303,0.3810890604801888,3.905492660696721e-59,0.5186549322040443,0.5821442646058475,4
577,58.995213,9.8563786,290,1.0819411108241774,0.4972639678244679,0.3739810831961232,0.231626614175347,3.659879102205958e-14,0.3951523485045598,0.7645527426614899,4
578,58.4333,-3.0833299,210,0.0704658651244521,0.4240237606400575,0.2055212587584379,0.0451070542686375,0.7688466062640046,0.0881391512982819,0.9963858278172288,1
58,47.88092,-4.1159801,110,-0.0616506248668343,0.3788820044491342,0.1700619703291412,0.036101910974191,0.9978323392645336,0.0719817917933121,0.9972884081670228,1
6,47.644274,-3.445852,310,0.0227169335127952,0.3468313534588493,0.1450576606781911,0.0435332412104946,0.5840838609406296,0.0697347648036463,0.9971469299900232,1
61,45.453671,-0.92304999,74,-0.1225286987321951,0.4651720334377424,0.1543317463337095,0.0541177015780742,0.973732207839811,0.094044908130529,0.9947650064664876,1
65,45.335571,-0.79517001,66,-0.0310738977094583,0.4772086266483635,0.1548294087586422,0.075294783389505,0.8211402338254521,0.1466955691565877,0.9903417705267488,1
7,48.359098,-4.78075,321,-0.0090595434462433,0.3562085386270811,0.1369530571378787,0.0429758465417029,0.5785390047694481,0.0805488493844585,0.9968100513836968,1
70,45.040482,-0.60351998,60,-0.2096373335057526,0.6255322731375654,0.1692750481027206,0.0532651239736126,0.9922757692546068,0.1005813687667569,0.995614347265414,1
8,48.718426,-3.965679,307,0.0093789012378832,0.3777994568930508,0.1328018274862361,0.0550329714906896,0.2992756533935882,0.092674431182447,0.995525304151135,1
84,49.917833,-6.317139,181,-0.1502900338141874,0.3293760184967037,0.1364488095773403,0.1009592978895638,0.0465154759180922,0.1650345080762417,0.9786802041534104,1
85,49.9179,-6.3155999,174,-0.0474715069416945,0.3266399861130007,0.1189023388082408,0.0648605658534126,0.4384982450538902,0.1133198755374398,0.9901428738022104,1
87,49.183333,-2.116667,194,-0.1030508930206149,0.4384087505375276,0.1676378997494155,0.0457323976925694,0.7943902255271569,0.0781078126023673,0.9973459183608088,1
88,49.92917,1.08449,354,0.1342718330537781,0.6522687425279274,0.2490485273532368,0.032917639232755,0.8252970637581987,0.0602362128596658,0.9977975468015886,1
89,49.481892,0.10598,334,-0.0688815491103905,0.5958878176545881,0.2178727084594623,0.0452350189285749,0.4873652155550103,0.0758311023996,0.994848888839562,1
9,46.15850067,-1.22064996,243,0.0056785954833502,0.4561517015827432,0.1983110329718462,0.0558261202051911,0.4198527382929773,0.093573620866637,0.9943034571552374,1
90,49.651447,-1.635508,307,0.0413582103793679,0.4228512600978865,0.1563123024995823,0.0472222484872067,0.4856890964943885,0.0943654844473462,0.9943961476581006,1
93,49.93,1.085,354,0.1340983724618603,0.6514612301962017,0.2490176552609125,0.0329243368838019,0.8251125683450593,0.0597765831393424,0.9978148823920524,1
94,49.481602,0.1056,334,-0.0687050241749765,0.5957667037040086,0.2178778946136956,0.0454897247790069,0.480152031239478,0.0769651568850867,0.9948459300809224,1
95,49.651299,-1.6355,307,0.0413848110343148,0.422535285141626,0.1563167691412384,0.0473815597257846,0.4813643667241478,0.0942176599400034,0.9943939228822214,1
97,49.1833,-2.1166999,194,0.0013686805992767,0.495370069527752,0.1670555904119833,0.0478609242818558,0.7472465122863898,0.0860753834060705,0.995824982759931,1
99,49.48378,0.11458,70,-0.1488105429368136,0.6237734953123663,0.2230109693294347,0.0482607320171946,0.9942643221880668,0.0794827537435156,0.9965984057601296,1
