station,lat,lon,n_blocks,gev_c,gev_loc,gev_scale,ks_stat,ks_pvalue,kuiper,r2_cdf,cluster,LD1,LD2
1,48.383,-4.495,399,0.019240621044500868,0.39667365024788215,0.1542821778416368,0.02486623352047279,0.960844211931903,0.04947829382467228,0.9988404982170831,1,2.022488369543321,-0.6906570053172801
10,45.56848,-1.061555,237,0.008877826293530868,0.39698127061141064,0.21311207976094948,0.03954844700774065,0.837822009083803,0.07624254359458887,0.9961538872962868,1,1.4185701264162922,-0.023920431822087907
102,50.102,-5.542,377,0.09147074819442422,0.3824423705098201,0.13396064314709416,0.028605887808992647,0.9083926260236177,0.05321231161049683,0.9987358006552743,1,2.1897212945190048,-1.2709210951514012
103,50.103,-5.54275,448,0.18267679432087996,0.4166295566368921,0.33817702551298656,0.1985557023293032,5.918325561280255e-16,0.3488770993472217,0.8335754787068778,0,0.13914474116868342,0.17703931533041334
104,50.099998,-5.53333,208,0.20722423425897712,0.3557246364509208,0.39780469974459665,0.22740503216395314,6.182796000093566e-10,0.42621606572918425,0.7796091759882743,0,-0.06960997163952141,0.33614348176782866
108,50.6085,-2.447944,205,-0.29919410089062515,0.4263918007223583,0.2361928472389137,0.11099436553473419,0.01178887805220123,0.1998258497754244,0.9714611330297108,1,1.7476798771462656,1.4576581486230742
109,50.714333,-1.874861,171,0.20919152673832458,0.4530849036309236,0.4347385426061614,0.061573453849105175,0.5158222204965666,0.10199004652484908,0.9954403413849979,0,-0.4885925038867317,0.5868924157038306
11,46.497358,-1.793528,217,-0.03558435265964244,0.3691947549997586,0.16542093085846726,0.052439252436061956,0.5712227876679248,0.0922383402491842,0.9941486592970197,1,2.0637706571367764,-0.3569590430526775
111,50.7403,-1.50714,105,-0.6075712212350992,0.4428894434816706,0.22245302234240805,0.0861718463436687,0.3942927312739153,0.14948807883145376,0.9882528743498761,1,2.423811345646681,2.6144098627775105
114,50.70888,-2.76411,71,-0.0015916372656461764,0.6764939362960088,0.4491753468766529,0.12964354689832872,0.16825967887061366,0.2315735981689571,0.9482298063264908,0,-0.6997679219494264,1.7098757414230417
115,50.59419,-4.83437,79,0.1666023245306987,1.1442777049313766,0.2827630824126496,0.04576511311862308,0.9938907416007687,0.08430207668954987,0.996001550032402,0,-1.3063574274248069,0.5486489390928276
12,47.277217,-1.8898,213,-0.04915425706369958,0.6805387222152965,0.27673800542589705,0.053283839041114,0.5625192346403777,0.10460313210948735,0.9891098785762911,0,0.31757049409170734,0.9716082266814495
120,50.9693985,1.86772001,308,0.14212896541776016,0.7273384286287202,0.26439802626396264,0.04553129709405701,0.5305847711269083,0.08562818484672868,0.9964328979336708,0,-0.08488745462030739,0.14520271078397937
121,50.72738,1.57766,238,0.10172010166809073,0.735742689302981,0.28187437758985445,0.042667951679990546,0.7625423098737214,0.08087884862273714,0.9962419604503608,0,-0.15059087317134917,0.441224613083724
122,50.969501,1.8677,308,0.1419396347846442,0.7276494033863857,0.264416920889336,0.04785350640204422,0.46660638881211824,0.08774157038389696,0.9963227524681313,0,-0.0854346386625154,0.1463915958844316
123,50.727501,1.5774,238,0.0986951135284228,0.7343081439571194,0.28125446344426963,0.04081894407067754,0.8071315183587883,0.08017588916051688,0.9963773144882602,0,-0.136846554374171,0.44802328103706385
124,50.783298,0.06667,205,-0.00018792697762538878,0.43183475785582015,0.15302876451711211,0.059515535003273445,0.4449934587098092,0.11516640958368779,0.9898439158761054,1,1.9880919121657328,-0.5956776435309837
125,50.368401,-4.1852002,203,0.0334330188628673,0.3910876017883575,0.1375209791120469,0.04700581052942532,0.7425865813078877,0.08004559696585134,0.9965700114777133,1,2.2307132252011277,-0.9757731015010921
126,50.8004,-1.1102,203,-0.05961326779690326,0.43997057512487026,0.1641270308372304,0.04197807052798619,0.8517485450560376,0.07320830114600863,0.9969059453310841,1,1.9485753812743896,-0.21072265560862719
127,50.607899,-2.4465001,204,0.03987441276266954,0.39778314329769293,0.15150324500571344,0.040403556890795445,0.8794833063094978,0.07439749871687773,0.9979441279352483,1,2.0145186742237455,-0.808943775839476
128,50.7136,-1.8747,165,-0.11863001670612491,0.41069559294548874,0.16432743745260664,0.04970953098259806,0.7905521790174116,0.08903318208392114,0.9963338087989809,1,2.1347025423297294,0.0061218812409494505
129,50.651108,-1.1531577,112,-0.272751174949764,0.4051227064743821,0.14413568023812723,0.09112723760275543,0.29211594631881754,0.14427774161598184,0.9878575391752948,1,2.702422037450196,0.3764108842679896
13,47.205383,-1.765133,213,-0.08234257698034698,0.7390076146349648,0.35091134092347925,0.06441111790757237,0.3258522510756887,0.11687850904138919,0.9890919797383122,0,-0.22232269400698593,1.618195623237526
130,50.740292,-1.5071276,105,-0.5383090956506165,0.4989575850326324,0.22220263767861664,0.08335266519029927,0.43556977181211187,0.13963539286532411,0.9892467993806543,1,2.1504120505054347,2.3799613596010287
131,50.609333,-1.949177,95,0.13133273452000574,0.3926827477964157,0.1669008121470283,0.07147131591867334,0.6897058634403916,0.12710486489516898,0.9911934244104749,1,1.6620284665203469,-0.9995138348812364
133,50.594177,-4.8344054,88,0.3206662604070879,0.8031285647321317,0.5614123081565747,0.14991751319151633,0.03428989374152125,0.249974010925844,0.9369945658834435,0,-2.0761847074883617,0.9399038189130633
14,47.19345,-1.633667,203,0.01343306348305216,0.8232882942879987,0.432511799331808,0.08190183465986589,0.12415054388483182,0.15030692686847963,0.9797964126425451,0,-1.0237477084153719,1.7070495300597672
140,50.8839,-1.3931,226,0.004279252627212512,0.6276230253439268,0.17983211268576463,0.030989287489477824,0.9770953946611451,0.05683061607143497,0.9986644817756699,1,1.1776162881151566,-0.12663945265072749
141,50.802194,-1.11125,177,0.032188806247662946,0.4611759286070112,0.1628453400971136,0.062298389508422036,0.4790150532928037,0.12330182506046572,0.991067054335292,1,1.7314505489275211,-0.5813085842776233
142,50.368389,-4.18525,172,0.21763334264265244,0.5645075854326811,0.4256514880536335,0.13694027874728232,0.0028277755478398952,0.27264657116459706,0.9056776935281504,0,-0.7433338538993112,0.6114590378730518
146,51.707389,-5.051778,357,1.0723473949203204,1.9887749501805185,0.012001417379002226,0.10095251091474583,0.0012772696220718887,0.13334596677758564,0.9729457515872552,2,0.9084121966219696,-8.494297894466227
147,51.6496,-9.9034,105,0.0588466442113375,0.38303526502008356,0.14251471393323484,0.05524823676521362,0.8879564998171277,0.09236337806203687,0.9946988480607399,1,2.132453004577945,-1.0177192310650935
148,51.8278,-8.0007,84,0.226027038122887,0.3835082443092429,0.20523772449229521,0.0699158540021328,0.77968803160798,0.13048516903962654,0.9875590727430203,1,1.1012006508618646,-0.994426581622648
15,48.640812,-2.028103,190,0.04524801059177108,0.5436971216073824,0.18618322297834827,0.051219492152148466,0.6816250151769158,0.08328098229386902,0.9959427545622148,1,1.2408621471387156,-0.3018574139694553
151,51.716702,-5.0500002,200,0.06947452000408864,0.4400004794577209,0.1830452654573161,0.06834775410439026,0.2940413478914973,0.10342406988089353,0.9935700994664058,1,1.4860685276087402,-0.5264090770511756
152,51.649601,-9.9034004,105,-0.1476613746605578,0.3519409308518334,0.14103093290270702,0.06673736592454893,0.712343894808253,0.12803484353114736,0.9867593061450519,1,2.633513983134555,-0.22351230553412424
153,51.827801,-8.0007,85,0.3100034519077288,0.412178102786775,0.22513862879006025,0.08375349298729862,0.5613323848688525,0.14424000197802045,0.988182225882649,1,0.6869341231063762,-1.1324308120092794
154,51.84,-8.3039999,79,-0.009838471190407788,0.40972647000223,0.17720487112686428,0.0993058876363801,0.39151135533149184,0.19171108708165369,0.967029453179242,1,1.7792353644740397,-0.292693029927172
156,51.114389,1.322528,396,-0.11537574490075564,0.6287207783814618,0.23647121456861903,0.05320224063069234,0.20488711550462313,0.10255266093395005,0.9924324308434092,1,0.8800058133320667,0.8914452181890823
157,51.445639,0.743361,337,0.4924956090589786,0.9505760220526787,0.5985442267399266,0.10943156401764195,0.000571270500460369,0.2062622203431365,0.953028550684356,0,-2.9043415157201666,0.4949027170923733
158,51.211139,-4.112389,280,0.5765099380443541,1.2095912430529765,0.3759525687769236,0.10227346620666894,0.005290880908467359,0.16859183239364633,0.9721108063232484,2,-2.819536580241971,-0.5143166258647018
16,45.56843333,-1.06148333,128,0.05634033705501899,0.37308022289529374,0.1951460079972892,0.035376110456539545,0.9955096163627105,0.06978069608404569,0.9980577190527865,1,1.5557540736843736,-0.4090935733371188
160,51.948,1.292056,222,-0.20979467409271335,0.571370014356722,0.3795268123760246,0.0811410635441161,0.10169777863603624,0.14168123681109923,0.9911929539539787,0,0.2949299357460359,2.1393353287731145
161,51.21525,-3.134472,185,0.006006227697175245,0.7476181512000325,0.3082360510033739,0.07100792153894359,0.29439718011393756,0.11871944743757684,0.988129393235089,0,-0.16607276835797208,1.0150060380241261
162,51.55,-2.987444,187,0.03921089031592105,0.9594604723982967,0.2716111129090164,0.038649303657271816,0.932435491491461,0.07241088000962215,0.9971977513729847,0,-0.517277545060409,0.8249253208987279
163,51.95769444,1.34655556,25,-0.5170851303935419,-2.4354355110100068,0.5338602370977457,0.11508895625476379,0.8578892452132466,0.22623674803582638,0.9702067547893872,1,7.765965893366778,1.3584124321538555
164,51.57,-3.975472,18,0.8891172719476106,0.1121603792905484,0.1258035555669,0.17349359176024726,0.5910013292057548,0.2598967763666853,0.9537004252731411,1,1.4312191564211376,-4.887806925060596
165,51.5,-2.72847222,93,0.8914064050246874,0.8995921507840083,0.750971170549415,0.26082060869375273,4.531517218419854e-06,0.5196755359591505,0.800983344029571,2,-3.99292343121682,-0.7394392678325394
166,51.38198,1.11553,173,0.16536112804139813,0.91607282361724,0.3656076986365733,0.04740567952392327,0.8138811215765983,0.09020525223156256,0.9956998392179319,0,-1.2282995270527113,0.8457814605999567
167,51.22378,1.40923,115,-0.11823285462505378,0.6438864810612708,0.2430752751325388,0.06800019087222564,0.6370667605374238,0.12067025959836036,0.99223293442152,1,0.7944487926731973,0.9699084489159518
168,51.57012,-2.70001,76,0.7330385768257192,1.5959067595408318,0.3010374820288384,0.07438649639300865,0.7661369849133244,0.12331090695085034,0.9884571377753095,2,-3.663590741402307,-1.2360857205370277
17,47.305667,-2.0883,165,0.09949810032804121,0.5606634055502338,0.27948977370753636,0.03233934365280544,0.9931478371666187,0.06332529726645719,0.9975924022742194,0,0.30858299822401936,0.27703026818845117
170,51.048091,2.366698,364,0.11383908075936702,0.7567614821260945,0.3045261672123013,0.0387016170900184,0.6323636938875219,0.0727292027693073,0.9974048998029834,0,-0.3760367948343324,0.5599807230384735
172,51.399148,4.209993,288,0.4111324001521646,1.1433167458546363,0.4501857019888886,0.07040968277247761,0.10964755119847991,0.136801369057178,0.9825822161386211,0,-2.678569528464049,0.4490305696054949
173,51.506519,4.249998,124,0.24467752942337145,1.3711305536699396,0.41647057571287815,0.08420124761451431,0.3245985843568234,0.15028154668109456,0.9801293679217117,0,-2.7740212203514325,1.1816158454781678
174,51.511332,4.165743,175,0.06986001557166169,0.8968330624854921,0.3484317819976728,0.0916207403111099,0.09946475659689291,0.1594250111741462,0.9804725017647795,0,-0.9008941089353611,1.1250885216878812
175,51.399115,3.564552,80,0.18067024937466197,0.9321341728683675,0.3954356261975275,0.09869321179821228,0.3915420458390536,0.16613722060199415,0.9832289393366588,0,-1.4497399220871328,0.9492714616466138
178,51.750754,3.811483,234,0.1837263846794612,0.9399774091376145,0.3821851171542862,0.057504965140925735,0.406166359651153,0.10696269946920067,0.9896626058876601,0,-1.4095744993972914,0.877974819212411
179,51.655118,4.102756,153,0.24754332605932616,1.0043586005991099,0.41476045877745377,0.07167796651366648,0.3929874896953486,0.14294779512509787,0.9837573142819753,0,-1.853183273127705,0.8334117387386546
18,47.542676,-2.895167,133,0.0954960094438953,0.37844120145171545,0.19153063948279792,0.06547987796819121,0.5951511825814557,0.1192785719867886,0.9856026621344202,1,1.5020037496661094,-0.6001296265486998
180,51.675798,3.756442,98,0.21075922581023598,0.8830279594012833,0.40064402542221833,0.07448416716824163,0.6213429092558069,0.13272435712253589,0.9890759004180426,0,-1.4107346334845634,0.8078411454375689
181,51.379296,3.376275,288,0.13801608404464383,0.8753542027207666,0.3602301955053111,0.07012095100502108,0.11226448507613829,0.11223228140641789,0.9901958854742335,0,-1.0443723731897179,0.8922051127720264
183,51.60088,3.85938,97,0.23464367236380568,0.9042868166704028,0.421825275917713,0.10853314006019754,0.1889749973768433,0.15639166057179565,0.9818568005437045,0,-1.6099978926097969,0.829014799373369
19,47.873549,-3.907207,154,0.09552191731701823,0.35290027022820847,0.1541275191474267,0.05540180079507806,0.7105473705046119,0.10120266293974281,0.9941879464133456,1,1.9851820316540383,-1.0429373340239758
194,51.445556,4.006959,347,0.16419443524359603,1.0227720467288128,0.3845748280108555,0.08180982458455871,0.018128443103628468,0.14579517980728968,0.9794259463459736,0,-1.5908257023609866,1.0438541263790535
195,51.863131,3.860766,214,0.10044216847719603,0.7982228235288904,0.3285494628495098,0.05621356510788311,0.49076964480288376,0.0925768239884811,0.9929575657882417,0,-0.600247959593791,0.7984838214194014
196,51.835992,4.054941,70,0.5285359487762056,0.44102235641123044,0.1864943336726868,0.05873212583740295,0.9575313850127198,0.11013995606264032,0.9937599666931827,1,0.551637226282635,-2.3617993336506276
197,51.829224,4.04484,98,0.39423203860190215,1.0995118867836267,0.4407735080460531,0.07523655815474839,0.6088090743126167,0.1402675826913523,0.9837244205627672,0,-2.4951169821809005,0.4378933537270352
2,48.383,-4.5,435,0.02244003625891414,0.3968659817258183,0.15538699280679347,0.026359653745513745,0.9150859787373353,0.050408722088753466,0.9990026876036361,1,2.0019935620346705,-0.6897464246633953
200,51.819721,4.128239,347,0.46826974044644937,0.544457918052305,0.25421626878505466,0.0873524534214338,0.00940652045535237,0.16925111537554813,0.9658144583624616,0,-0.18758425191319525,-1.4247401504810613
203,51.977572,4.119881,347,0.06628412241345985,0.8290128473746894,0.3285054774966918,0.0611202813495485,0.14355222687274705,0.11498979850218319,0.9887982554151213,0,-0.6104369023886175,0.9651282934582665
205,51.543944,3.865419,93,0.21531862497696794,0.9070271510292013,0.4202849810668145,0.08405121485377143,0.5005331020736676,0.14885160555106303,0.9854248908618447,0,-1.572088632885576,0.9032222069628794
208,51.666274,4.095356,109,0.26787844296005026,0.9534893729892681,0.4523923553806188,0.1076712547008899,0.14839776235231428,0.18164467973565568,0.9773841301583674,0,-1.9330720071666736,0.8727167562921514
209,51.659342,4.144264,180,0.19683954172568666,0.8895347498685238,0.39638813054093736,0.06027325215873797,0.5107784390912525,0.11327467289054699,0.9899672725172157,0,-1.3792568246961445,0.8498086943891972
21,46.007357,-1.174341,95,0.01398295405109783,0.6237095711064093,0.16926715777163043,0.08056179298502336,0.5414308159951945,0.1270376561780156,0.9930492079813833,1,1.285316392121911,-0.28671452694040234
210,51.450047,4.229827,238,-0.8587941136435497,0.5897884111775487,0.16167348189378394,0.20580716357096696,2.562046976938572e-09,0.37051850519702656,0.9013495572641682,1,3.1620444117413964,3.1540076683390494
216,51.773558,4.192415,134,0.4912821208928159,0.4638994719178551,0.17118174678964007,0.09201097107888268,0.19425583447386718,0.15301474558900086,0.981029793594399,1,0.7323769660078903,-2.354906154176778
22,45.199667,-0.744167,91,-0.09172201244278812,0.6163827769752459,0.26036332646694166,0.039424227691416014,0.9979367779229794,0.07676465706015262,0.9966226666763321,1,0.6790038449074106,0.9699009411593457
226,51.619106,3.686358,191,0.03824253083186581,0.763112736618857,0.33178936138316656,0.04915989164705614,0.7261274145438514,0.09279856341930948,0.9946671656807855,0,-0.40987830418310384,1.0396865143405554
227,51.619592,3.682065,192,0.0652186623407508,0.8331660377125201,0.3508929775996812,0.048297723883185706,0.7428983462052065,0.08468444384399815,0.9940796706211984,0,-0.7459811753985471,1.1005854635247598
23,45.453667,-0.92305,74,-0.12193352277708434,0.4549661648450204,0.15465917485159236,0.05741510221914381,0.9560457343763746,0.09313558954286012,0.9950276801167082,1,2.1472979573648616,-0.057913314638889546
236,51.595404,4.006011,288,0.18546552694031143,0.904884382919608,0.39552830178130777,0.057557093776990226,0.2847238531240873,0.10904844528057997,0.9903397850345402,0,-1.3913096084060694,0.9057546083707213
237,51.626665,4.254928,160,0.47586852876898855,1.192206768321109,0.4519541772022785,0.07741771669840858,0.2783203192004349,0.14432999020132495,0.9794213921248746,0,-2.9348996078869423,0.2363637926817299
238,51.827026,4.033445,75,0.253623727768445,1.0784038311055957,0.3876208573170457,0.09041884283651991,0.5417508140037315,0.1619533030174799,0.9807201626800179,0,-1.9198855733774938,0.7441792753510377
240,51.336209,3.819812,347,0.1801778810874713,1.004776644342472,0.3807458522523124,0.08042721731513328,0.021209259453801522,0.142079370723772,0.9828060619351217,0,-1.5576425753390575,0.9432066238954993
242,51.599317,3.75183,85,0.20021214157791953,0.8393378942445249,0.4181867745780904,0.08415920601083077,0.5551793611900513,0.13603612521112612,0.9871674622707765,0,-1.3634395028605242,0.8945283870523504
243,51.442308,3.596057,347,0.08923180939406014,0.9109185391853984,0.34752361985365965,0.0686749828244183,0.07228413857163707,0.11649410948587746,0.9879835456490805,0,-0.9689351256895359,1.0536519266712518
245,51.496839,4.056964,169,0.223274113915989,0.9949721411357031,0.4054819794862631,0.0783715522843687,0.2376546127432112,0.15567972683427284,0.980474573987199,0,-1.7386566906669696,0.8802727535877451
248,51.521445,3.440031,288,0.13015107362884848,0.850402539454642,0.34798966629036676,0.07857152431777342,0.054074130914957386,0.11516319437633055,0.9891958564254634,0,-0.8998269254083209,0.835131911313069
251,51.642157,3.910813,157,0.1947756148639048,0.951807241545944,0.3897902573518147,0.06851688788463436,0.43323643283341495,0.12525880326092817,0.9872392537032217,0,-1.4987846103711455,0.8815788435083298
254,51.33621206,3.81981192,174,0.4135014054155912,1.254242380715485,0.3735630678727462,0.0672360379434177,0.3936936134796616,0.12451191706817588,0.9870677469837005,0,-2.6009422462338723,0.1782264023863959
255,51.76762642,3.61712418,257,0.12956628381241633,0.8512239561657129,0.32504941545597843,0.07480965719952687,0.1070323049814581,0.12440733444891122,0.986748667426431,0,-0.7691436432890032,0.7064799751683425
259,51.64286987,3.4810545,190,0.10643805923757443,0.8501691923204671,0.3263498699225017,0.07416813399456568,0.23494655890333305,0.131655609971716,0.9823285374237766,0,-0.7290730233106216,0.8075835268186897
260,51.39842692,4.02620594,185,0.4356971004889331,1.1870694526093022,0.4379070296517662,0.09399674611634537,0.07126942505294831,0.181678059403542,0.9707210002507126,0,-2.7827110589150865,0.33459890318377233
264,51.37786806,4.16499237,141,0.38463003158447956,1.213474019465965,0.4145321495693476,0.10643217149135437,0.07611470918838503,0.2000423520260211,0.9690266268071575,0,-2.6433209305802277,0.4605430228856659
265,51.37929817,3.37627452,114,0.39137575311841666,1.0913785047756814,0.3899133366535812,0.05907170634111658,0.7989458242389672,0.10381259851987146,0.995964199070086,0,-2.2325770502014226,0.20534672564056664
266,51.52144786,3.44003089,114,0.3660404003197368,1.0507767800732777,0.3875435198493319,0.054495044482877564,0.8688296143143603,0.10583184773147536,0.9950660069889901,0,-2.069694249845882,0.2605301358001749
269,51.59540662,4.00601046,108,0.3562715339376453,1.0638861860278972,0.4144797289568576,0.10175680107531943,0.19931254884596605,0.15307744912223759,0.9848376087537383,0,-2.213129847550457,0.44195960564990094
27,45.335567,-0.795167,66,-0.03461145648243326,0.5063830541812082,0.15417873137162122,0.08477125716458622,0.6979117686479517,0.14903428209676833,0.9895450831036501,1,1.854133686310937,-0.37402549797711276
270,51.50615366,4.07513028,101,0.40265662565465493,1.0236190653545134,0.43198647123742206,0.07768542536446299,0.5495362827192856,0.14111843130746077,0.9846615728032356,0,-2.2826436853291674,0.29663489984254554
271,51.95823879,4.16144308,105,0.020262178706369868,0.8311823278357,0.32299955222983945,0.057558435313187994,0.857475611265049,0.10783945690205615,0.9922022384473024,0,-0.493441500492439,1.1221212051016058
272,51.34208224,4.24763328,99,1.036871598977319,1.418534550807582,0.6021316709152906,0.10437391086425574,0.21542344232021926,0.19896525934438866,0.9583516517817364,2,-5.150099181368394,-1.2946892941724073
273,51.72154375,3.67591773,74,0.12934156399878233,1.0302778292400943,0.34133552115329474,0.11311527332437293,0.2784901251033277,0.1939391315658689,0.961802543077704,0,-1.311443629458563,0.9622647606667357
277,51.58282787,3.47102233,63,0.1361046080456512,0.8899773155574646,0.3596925905806494,0.1172463092279753,0.3260817707861108,0.21957007134265408,0.9654097696754589,0,-1.074380093136947,0.9102153822094448
3,48.38290024,-4.49503994,433,-0.008608886959282407,0.3934152205858311,0.15758472102823595,0.023970033274330227,0.9596375798881105,0.046129359538199965,0.9989711463303338,1,2.0441244067198645,-0.5390604058093185
326,51.048199,2.3664999,364,0.11386984836212198,0.7568858367380076,0.30444260194353934,0.03848688884462437,0.63927220252538,0.07252788430098497,0.9973988846978225,0,-0.37587864103568974,0.5594363200001565
327,51.116699,1.3166699,199,0.026711269327660964,0.6159009238965673,0.2654639098284892,0.0418549343663035,0.8619855566056407,0.07851407425357533,0.9965679405516858,1,0.41165194378340897,0.5239026786591379
328,51.216702,-3.1333301,197,-0.11828800052779098,0.6970486927259653,0.24871859958358755,0.03093666335141293,0.9888080076442733,0.061233720434882344,0.99829460867145,1,0.6171355095554331,1.0621052893340812
329,51.216702,-4.1166701,194,0.06367729491697775,0.4761900589600541,0.2085997441889284,0.04100971193614725,0.886442254636889,0.07869804250614401,0.9977606687128673,1,1.154569093773358,-0.2178264048307144
330,51.549599,-2.9860001,182,0.0213170609054199,0.9357504450128745,0.2643223000414784,0.0446519715725644,0.844958930178726,0.0716331386142231,0.99686033973762,0,-0.37048937361881873,0.8241067389800625
331,51.569698,-3.9737,172,0.023735775847228517,0.5735857242086942,0.2567282475307444,0.0471901108564764,0.8207223829765229,0.08978274688328663,0.9949198118411301,1,0.5879968899121581,0.43347608091928463
332,51.450001,0.75,178,0.02097191462423442,0.815909631724683,0.34931491610605914,0.05257295505323095,0.6887368363917599,0.10249470127909416,0.9918757080414079,0,-0.6077219959526933,1.2568865412454198
333,51.381985,1.1155597,168,0.15291544519832692,0.9102489770102473,0.3649235304430962,0.05483191855094394,0.6725191331851408,0.09381776020203075,0.995522348548157,0,-1.1858131078503944,0.8877072688518826
334,51.507099,-2.7114,140,0.11624723590701794,1.043450727229708,0.3007225268830883,0.047895252904231245,0.889587734730934,0.08976146643199667,0.9925146355594875,0,-1.074424252809865,0.7826960251544907
335,51.966702,1.35,128,-0.05811465078253005,0.6863310094086529,0.3002194980105533,0.053092890915910074,0.8443476366639334,0.09841434826023365,0.9937810469361088,0,0.1633887639680807,1.170713954748039
336,51.948002,1.2920001,124,-0.1748849804699015,0.6530729095083834,0.2960864218206669,0.04303954896654649,0.9681416099098368,0.08530933427389287,0.9953962388180563,0,0.5013013595154522,1.5904059568568776
337,51.223793,1.4092588,115,-0.14671289830919215,0.644467089653274,0.24702804565265474,0.06771406647615297,0.6422490658611271,0.12401627637799928,0.992031380547427,1,0.8174451125470245,1.1177593305735998
338,51.5,-2.7284,100,0.24794053802523136,1.1630009072038845,0.4091419744688785,0.11602984458475185,0.12501317218381114,0.22553511071649607,0.9500630744175126,0,-2.2249196672010183,0.9475536591609033
339,51.570122,-2.7000217,79,0.6330111750279996,1.3642418684199082,0.4235880525818463,0.10740530155033523,0.29997390729695994,0.18843055785364815,0.968712666952001,2,-3.547296018391749,-0.3757101016273354
342,51.522301,3.4402001,63,0.22583725700071003,0.8392934899221547,0.33515690663566255,0.059175039523462036,0.9707695968894469,0.11810027551696056,0.9879902594064109,0,-0.986229028608757,0.36230088224533136
35,45.040483,-0.603517,60,-0.20972948300383598,0.6316684832145636,0.1692333770100919,0.052416898938538736,0.993626302521821,0.10005955868939531,0.9956146990601887,1,1.702340771249378,0.6324867386060509
368,52.3385,-6.4589,86,0.06634583780434977,0.4648332498321235,0.16469512437447514,0.06966642618585195,0.7716288645324997,0.13305835838844526,0.9881701071945211,1,1.6338383795450369,-0.6955233841992856
369,52.14767,-6.99188,77,-0.12347465667215843,0.41668698859028985,0.16691175973248223,0.059237194978019714,0.9350302485435661,0.11361074904826646,0.9936093829947946,1,2.0990407139548672,0.06140085058043152
375,52.792,-6.1451998,129,0.020966918509637784,0.47586167275714897,0.180109273058714,0.04150019634960578,0.9727424260317846,0.08019842168088043,0.9963264652130259,1,1.5221278357479033,-0.32767985935977484
376,52.338501,-6.4589,88,0.19170740862462948,0.4621953196959919,0.2115818719280817,0.07370624304540674,0.6974162147801609,0.128871353269239,0.995057051452398,1,0.912375293233453,-0.7251322363114385
377,52.2696,-9.8620996,87,0.25390241823322013,0.4070959968697164,0.2616576120815191,0.1304235320137449,0.09463818871052287,0.25632165890886505,0.9204895375280133,1,0.5190629284478575,-0.6177025646724786
382,52.013222,-4.98375,362,0.2120883036881155,0.45655090870610804,0.3487887885617047,0.0726850377827446,0.04148163256311288,0.14269549953506272,0.9742152434315572,0,-0.07784745071212715,0.15254287252759138
383,52.473083,1.75025,367,-0.05777771780573759,0.674153389341818,0.28984578412688344,0.04155102312336645,0.5367807761899055,0.07785014052221298,0.9950565475633716,0,0.2610858415672452,1.0904822630321467
384,52.934194,1.301639,227,0.049834199653346456,0.7477534771301244,0.33003734479688707,0.054864513467197895,0.4845964186539875,0.0853078414762656,0.9964541084079692,0,-0.3838187597146248,0.9684177950585839
385,52.719333,-4.045028,184,0.3855362508166614,0.7631088172885162,0.48348661347927774,0.11377493790936721,0.015691577632160066,0.21488679139745454,0.9585182733175168,0,-1.8141940544812447,0.35072294557801525
386,52.964357,4.74499,347,0.06697277980059786,0.8479697304022306,0.33715926307120575,0.053402123343849306,0.2660839365223311,0.09348945072990067,0.992289287305239,0,-0.7094303348969727,1.029544535971755
387,52.931535,5.045596,288,0.21443877762262809,0.9418536513019049,0.4137205393640464,0.06943041660086649,0.11873236601219361,0.12295706625636785,0.9851210847347517,0,-1.6272076630253136,0.9075908914256441
391,52.462323,4.554823,228,0.09076215522412287,0.8959870412405269,0.34021769656978595,0.08525347243419948,0.06854709307893936,0.13951350364210727,0.9860110089041814,0,-0.8935284181324598,0.9929789957012336
392,52.467249,4.60506,134,0.17017395412808117,0.9194442491657396,0.35456027524305916,0.07243096488827006,0.46158436819734816,0.134527289755408,0.9855569301032828,0,-1.1869255204347982,0.7698843094688067
398,52.934137,4.792286,61,0.11113035935220493,0.7556078874301151,0.376614184093705,0.06855614362094113,0.9177924970882815,0.133539647210492,0.9900823878280754,0,-0.7778607988568209,0.980535944968371
4,47.266862,-2.20155,438,0.0032359036471830225,0.500740150271523,0.22312862524452035,0.030724249767110523,0.790832855060855,0.05624179656064854,0.9980805729913356,1,1.0811086958564022,0.1807914326238952
400,52.772657,4.649702,242,0.13962809443291613,0.8695245672997156,0.34271862482953863,0.060463761818593365,0.3260282235675369,0.10026160423487152,0.9921201014467186,0,-0.9367540589944757,0.7841155704891076
401,52.099033,4.263563,337,0.09073499637551351,0.8818250113961204,0.3447469702670066,0.058575055229458356,0.19022723752553916,0.10898416797529295,0.9896847632428007,0,-0.8835308484735508,1.0059574943804623
403,52.09903557,4.2635626,164,0.16061726053558328,1.0242977358849807,0.30529447008284116,0.04829478261277803,0.8209273730042852,0.08997580463948579,0.9936043908817358,0,-1.142164806700283,0.6137217435142678
404,52.46394337,4.51759573,128,0.20291880617499763,0.9528466877313808,0.3661527223581088,0.042919575392672216,0.9643912958231371,0.08153880207975181,0.9963458071533055,0,-1.39655827339034,0.7284161952893883
405,52.77265954,4.64970234,76,0.1891198297173804,1.0525476920857737,0.3293664079104241,0.08486530483785404,0.6136689120548426,0.1649773829899484,0.9821078962903977,0,-1.414987190741105,0.6694238642986116
41,48.3829,-4.4951,433,-0.008803944151700917,0.3934716196075528,0.1575104104185178,0.02409151220887895,0.9578770099332019,0.046250683180317,0.9989871229279094,1,2.045274017610483,-0.5391257017977004
413,52.9333,1.3,211,0.015998416457864886,0.7101838194806707,0.33017151174228576,0.053214153812087384,0.5701429966286067,0.08153661815628588,0.9970949240787386,0,-0.22448923687325234,1.0735533762346723
414,52.016701,-4.9833298,207,0.007674855368168863,0.4113204014359163,0.1633044319618192,0.035436255011200735,0.9490440324345437,0.06517129878957308,0.9976714099063637,1,1.8987073372237802,-0.520545590631845
415,52.466702,1.75,211,-0.039473132936974346,0.658938303996951,0.29337765578756136,0.03828915625052143,0.904599035259727,0.07187270240662436,0.9972591497482225,0,0.24009492067473873,1.0255963623199695
416,52.716702,-4.03333,180,-0.04544236392341382,0.6616281897938524,0.2884591782322029,0.04469945105966516,0.8486105003622673,0.08169240371426661,0.9964321290983539,0,0.27763380883111766,1.0196834582472862
417,52.931274,5.0479212,64,0.17396380408061152,0.18734432230511064,0.09394997760614884,0.08620044708970043,0.6958979967578094,0.16268798187996225,0.9826281736866606,1,3.201949803711867,-2.46770169728727
418,52.932617,5.0459771,64,0.2835031600844358,0.9652664775775045,0.39341944129591666,0.06618237731177862,0.9243232635256052,0.11545101227830873,0.9944357609726587,0,-1.7235238417324057,0.5496499641097671
42,47.27,-2.2,438,0.003288080751558165,0.5008344856843739,0.22316446157269904,0.030669444956387626,0.7926107956575761,0.056188403208136284,0.9980852524394643,1,1.0804607272732105,0.1809734414643269
423,52.464966,4.5179009,64,0.2972915218855291,0.9226461810417415,0.34173326418437033,0.056164198582164204,0.9808310102146018,0.11147951777788012,0.9940065583055094,0,-1.3719049139376502,0.18307718871580228
43,48.359299,-4.7809,321,-0.00900475576775597,0.35581901682924555,0.13697953018288586,0.04276292506187607,0.5848777494871846,0.08031374055332163,0.9968079465229704,1,2.4094639600717187,-0.8418993280528957
44,47.644299,-3.4459901,310,0.02224738338279867,0.34180702135294394,0.14517807468654392,0.042564070373912855,0.6126162705867291,0.06742610924103687,0.9971927405232097,1,2.2713911505000226,-0.8695972569886645
448,54.842556,-5.120028,335,0.008244616360175408,0.544161911917515,0.21231029438071847,0.05333944921642397,0.2860736742055028,0.08929510450478786,0.9949499138981591,1,1.05850191204991,0.10322734799000262
449,54.66475,-5.669472,172,-0.1350229117321674,0.5158023091651156,0.44303496219491134,0.10131478522989518,0.05452239157633332,0.20165928453085075,0.9696081797414356,0,-0.01040465163323465,2.0835533272957383
45,47.140381,-2.24635,303,0.10532889346280243,0.42101523753200265,0.20442421295922686,0.04019503712772576,0.6962415568864482,0.06746873385623142,0.9971003009702788,1,1.2504777975557597,-0.47620889163576363
450,54.6364,-8.3949,103,0.12604175288502012,0.4712578530581005,0.22582278560731772,0.07665370321090804,0.554333802446543,0.14707175647278303,0.9859264013523953,1,0.8921257640519568,-0.3233169799779705
451,54.9905,-8.4955,98,0.02150309441394161,0.45036981630966205,0.18325976413233278,0.06227534224597142,0.8187829577136294,0.12445456437947866,0.9907547045654486,1,1.5514563502519467,-0.3191956357921884
452,54.2536,-9.8928,93,0.05504727298595729,0.3744106163210909,0.1413713937351212,0.06274484987565632,0.8348725481901397,0.10369574701998069,0.9950725373918972,1,2.1770093627300566,-1.0255131002586484
453,54.3099,-8.582,76,0.16758545647505058,0.4552947485514962,0.2453474413341834,0.06345205267871817,0.9003919046762605,0.12048110730005746,0.9940638495400849,1,0.691007199962956,-0.34682776883347227
455,54.8424,-5.1188998,199,-0.014100868894410961,0.5361541281986855,0.21223753112782331,0.05126580475982068,0.6530803533557257,0.08656877221719556,0.995048248737336,1,1.122823682537446,0.18653205207332077
456,54.665001,-5.6691999,172,-0.036060983822157305,0.4839698162226743,0.1957459841966196,0.047247802836415526,0.819602749845445,0.08807209787112283,0.9960041359810279,1,1.4524537993661863,0.07305389876398662
457,54.636398,-8.3949003,103,0.1341108903167227,0.4645061041812215,0.2283007444865871,0.06931456922647905,0.6792050220513769,0.11647338486494623,0.9908735068079444,1,0.8722274469348882,-0.3411895459068415
458,54.989601,-8.4956198,98,0.053776998686837135,0.41736310478279703,0.17783776771134943,0.0556157351420454,0.9055589413497367,0.10688653430833348,0.9931880900327144,1,1.6290871072217445,-0.5384317259557407
459,54.252998,-9.8900003,94,0.059906958315428055,0.3476177899837034,0.13321290402719022,0.05092549642964317,0.9574773956873973,0.09203158721638882,0.9932166230177832,1,2.349328525067683,-1.1841943227495344
46,48.718399,-3.9658999,307,0.012475026410256947,0.3798306420421125,0.13308006025403601,0.05517557106962512,0.29640042211549955,0.09302281669202747,0.9954884976277368,1,2.3631471615679005,-0.9638041535639302
460,54.3046,-8.5689001,72,0.014666908443953306,0.4330471219937083,0.26004480331019236,0.07052545450397696,0.8414455714590751,0.1360849926380557,0.989349336435217,1,0.9328693519760982,0.36936926295732664
462,54.031833,-2.92025,352,-0.025301387963280388,0.7899235194145884,0.3343905383365694,0.04985736587924455,0.33465532650702534,0.09817698088304377,0.9920828126536672,0,-0.3680844312465247,1.3379709976581717
463,54.49,-0.614694,265,-0.05188177398630965,0.5391415476558943,0.24472470030911236,0.04663138422839164,0.5951583337975224,0.08532500073064919,0.9954057478522749,1,0.9142236805335642,0.6185159770897182
464,54.650722,-3.567167,198,-0.0022827537618345124,0.7225043747228652,0.2770164777376248,0.06711908096832697,0.3199906722031083,0.12944381381627765,0.990901507262203,0,0.11906816923928434,0.8199706051683736
465,54.085222,-4.768056,181,-0.0007047523551328176,0.5067316475286403,0.19570299729904583,0.048817896747833434,0.7625489599401101,0.08886991511269182,0.9966616305188385,1,1.32687922713469,-0.05118744605123777
467,54.48862,-0.61462,66,-0.057341058005342976,0.5490037994405421,0.2562883743563825,0.07812288243817733,0.7861011661714488,0.13510662684936586,0.9893010239027342,1,0.8110853096977201,0.7388298423351807
468,54.82326593,9.65412763,151,-0.026872236088954435,0.6030219988497372,0.24681193425313985,0.05413721253110057,0.7470940680696079,0.10632421369186637,0.991621561985207,1,0.6890564561655756,0.5901457111567515
469,54.79504891,9.433011,151,-0.013517511982260713,0.6388833864115735,0.25354554222863407,0.06556210950591773,0.5138511294764343,0.11402669203099941,0.9898598378847772,1,0.521246723466624,0.6198122076371149
47,46.148701,-1.2259001,243,0.00047094776645560275,0.4470303678971996,0.198021291639909,0.06581245284666021,0.23283581096184947,0.10183815887263165,0.9938335833875728,1,1.4513668406847786,-0.08670962501392998
470,54.75978757,8.29700482,151,0.21546059864460868,1.086854589178403,0.41532634605181235,0.10661857105966344,0.05991782381069233,0.20727410382067013,0.9688111230238889,0,-1.9997964907679489,1.0408045187223218
471,54.73219748,8.6880067,151,1.0479432387731382,1.5262086824230514,0.49209912090481167,0.15178889404426527,0.0016741682986150812,0.22955594872000556,0.9257691792104974,2,-5.0519366827476055,-1.6333161831288767
473,54.63344017,8.38492638,151,0.5319305203470042,1.2426982187060007,0.47664128699404656,0.14075860675872393,0.004505528479749775,0.26179164398569593,0.9424434793018336,2,-3.2733765581614875,0.15570035256107617
474,54.50258302,8.70305048,151,1.0135561158627675,1.4885517264765227,0.5176965753047816,0.16191699290752515,0.0006310451239275705,0.2450281048617583,0.924008953120518,2,-4.988383322393488,-1.4288111048089007
475,54.47470223,9.83599307,151,-0.041430199877373786,0.6012131378728346,0.24830643475289726,0.060878582158095024,0.6083684388235864,0.11527826746840006,0.9913211160499441,1,0.7103461693461058,0.6595680288782876
476,54.47394247,9.02585594,151,1.1835996415877568,1.7142896625810988,0.3379210074279894,0.1232526049298392,0.01857571604183061,0.15024725531330618,0.9580867483294424,2,-5.0623458710699145,-2.7444128647389046
477,54.26591826,8.84211831,150,1.0789078765884699,1.555787399014057,0.4788910556027266,0.1266585472597591,0.014779989540847825,0.216253995412517,0.9492195459364273,2,-5.1339339315468715,-1.7856859855350833
478,54.26586489,8.84958039,151,1.2003743671678762,1.838586012141398,0.19332755098096202,0.10269403203993388,0.07705451610187208,0.1462437573269402,0.9618156140656583,2,-4.3287385234278455,-3.7805200667833465
479,54.18052298,7.89080439,151,0.16278480768919112,1.0110337986171327,0.38360555517597483,0.0681520358844544,0.4642750687484496,0.1342489477089014,0.9828485265030177,0,-1.5538094963515467,1.0342119080726204
48,45.568432,-1.06148,237,0.008884398903958476,0.3971031553848147,0.21309357304688276,0.03947979561989896,0.8393250025975239,0.07758480780534005,0.9961635554783659,1,1.41841965530101,-0.02400585882732885
481,54.1233805,8.86015778,151,1.1262376152881715,1.5705337522034872,0.4835937692343534,0.13796867804145385,0.0057187377852290205,0.22294029095399193,0.9419948362674079,2,-5.28208312877568,-1.9466373963593602
486,54.31632455,8.95122149,151,1.0769571182469824,1.8650160540793204,0.1452228169292842,0.11934124422558615,0.024842159710861234,0.21536097989554728,0.9519674878157572,2,-3.60195149498909,-3.8063183940522767
49,46.497501,-1.7938,217,-0.03458665883743918,0.3691171742567888,0.16548495791287887,0.052670646478844896,0.5655928187749697,0.09204802925192296,0.9942443589169422,1,2.061271191183997,-0.3603500863782514
492,54.033298,-2.9166701,203,0.03135962631197363,0.7475116128572641,0.3357332891686222,0.06609439177238183,0.32350349627355723,0.11509581368290342,0.9926850294655934,0,-0.38018041830716065,1.0766172004817682
494,54.483299,-0.61667001,211,-0.057471418613387476,0.5269900445274267,0.22948419687481425,0.05147815172962189,0.6122018235295354,0.09114180653520204,0.9961052766511037,1,1.0796434281436733,0.5061836939803626
495,54.650002,-3.5666699,197,0.03278330160591962,0.7015544883565934,0.29361416748610325,0.06515554161591147,0.3575885324322394,0.11393024403402802,0.9912599159532609,0,-0.009188901560697061,0.7706175537966923
496,54.0854,-4.7680998,121,-0.0002465911132790848,0.45907642353135114,0.1807770370340223,0.048831313781727115,0.9214621847635757,0.08425059781611147,0.9966268201164,1,1.5984187690618712,-0.24904212726227398
498,54.282497,-0.3902857,76,-0.10887482198889968,0.5713498252846168,0.3282142802245982,0.05231637606411321,0.9784638867348657,0.09780691095827854,0.993564987573417,0,0.3783473858431447,1.4470146102710484
499,54.916698,9.7833004,67,0.6201347963158546,0.5753977003527246,0.1457368376759558,0.1256086956254494,0.2216383283904193,0.21301238476650153,0.9565875213770638,1,0.5122423665167682,-3.0915240060652116
5,47.140383,-2.24635,303,0.1052993029194582,0.42103434975388354,0.20444023099615974,0.040226140583685455,0.6953340954550715,0.06744504898738901,0.9970994727671856,1,1.2503364793142775,-0.47591967777536814
50,47.277222,-1.8898,213,-0.04925560713021453,0.6805840703586192,0.27671878224424984,0.05334120760921918,0.5611411318668289,0.10463335144167102,0.989097080191873,0,0.3177887639165233,0.9719280003131886
500,54.1222,8.8591995,65,1.094939288006898,1.5243566213061426,0.5183205070323469,0.13210738195910232,0.18902612103754834,0.22668568481816365,0.9580527600548749,2,-5.239189854147374,-1.7263466510702332
501,54.730999,8.6870003,67,1.1146847476653843,1.493343260462077,0.5637085720934822,0.1345224250249304,0.16138175255739584,0.2605139164966125,0.9375365809911907,2,-5.3620459855566756,-1.672462595989358
502,54.474998,9.8369999,67,0.7233367183339646,0.6114146754863939,0.1553060487119024,0.09042614214886566,0.6112263310940029,0.1720754526399961,0.9720584582753413,1,0.097928628542363,-3.357305510991228
503,54.265999,8.842,67,1.1837415261651698,1.5004299254403657,0.5875835932784208,0.12465452367257829,0.22898898069774298,0.22999248486105445,0.9508377456521547,2,-5.594603138073512,-1.8676232484559223
504,54.796001,9.434,67,0.6040630667566491,0.6329151808820508,0.15070846084643752,0.10541210706726406,0.41730300018184285,0.20802824923267405,0.9614375943982423,1,0.33483530037510995,-2.9096285342743635
505,54.178902,7.8899999,67,0.15589555852600703,0.97573450529239,0.37093701220288583,0.06218483487672494,0.9435367037336404,0.12415801002830357,0.9892024925673406,0,-1.387161547735516,0.9657981022906587
506,54.757999,8.2959995,67,0.32698101130992446,1.1017433287447171,0.4181465390377124,0.08501267942103474,0.6860741504413442,0.1636336264044248,0.9807310768016353,0,-2.267770723952536,0.6123597993632035
507,54.472,9.0249996,67,1.1465066575732734,1.6048708101939781,0.4514503571369936,0.11668381644253367,0.2976442329087524,0.1931863837798526,0.9682658863353703,2,-5.274899928171845,-2.1314506500058075
508,54.82333,9.6549997,67,0.5490561902927028,0.6007949578174276,0.15107996561010176,0.12582979496381075,0.21996081678300938,0.21950689970533005,0.9548079826876054,1,0.5178662933753259,-2.7092885781363716
509,54.966702,8.6660004,63,0.2905247839903039,1.1270432054883561,0.4037878084052252,0.11404820365737023,0.358280936436701,0.22781723627187955,0.9672109261963796,0,-2.192554954188634,0.7161997738849221
51,47.205379,-1.76513,213,-0.08235260802120267,0.7389871729080599,0.3509054652144027,0.06443448274966113,0.3254347151081647,0.11695762185273956,0.9890954956725543,0,-0.22221961538271015,1.6181858699708531
510,54.488632,-0.61463588,66,-0.03605404079212531,0.5578948995925926,0.25884871536396803,0.06302163073805034,0.9408707888693717,0.11540297232205932,0.9898039970340333,1,0.7280960348382768,0.6791791202113595
511,54.632,8.3839998,67,0.8524195381171977,1.348420455880583,0.5562011302594847,0.14462617415211154,0.10964684211180653,0.22732688761603692,0.9319674930185141,2,-4.461444345540711,-0.7584929393806044
519,55.206778,-6.656833,177,-0.13305597192680158,0.45769836659312785,0.2063178381792125,0.04145186254400096,0.9087650468927276,0.07838587754946119,0.9957782659718125,1,1.6060239958082358,0.5467712509860123
52,45.853409,-1.17782,150,0.1437462633356935,0.5117959063087199,0.268968478702988,0.10910073933641706,0.0520847923265737,0.19192677432606803,0.9605157996535452,1,0.4186569437248228,-0.02136636290699721
520,55.627583,-6.189917,127,-0.7570163654659254,0.11446858584313596,0.03983198502429462,0.20841221257196751,2.5688496938714176e-05,0.2788203776396586,0.9048084137108796,1,6.8571258464403275,-0.39386706145596934
521,55.3717,-7.3344,95,-0.08007764559945692,0.4744929446753431,0.19259355389319913,0.049490807820894434,0.9651378279463043,0.09077951930915518,0.9942270212694996,1,1.5934146457634253,0.21272314154440158
522,55.200001,-6.6666999,176,-0.04370904502769661,0.4789826647708785,0.1947009663685842,0.03664766326362137,0.9652042807122949,0.07018560123613674,0.9980506043952777,1,1.4901976776219168,0.08943706596825438
523,55.627399,-6.1901002,119,0.24062632742487922,0.5263649144296778,0.20462965326848193,0.047433178728783554,0.9399922787342415,0.09465052927387727,0.9926905746166567,1,0.7206868055652988,-0.9317311320487678
524,55.3717,-7.3343201,94,0.1052736120311122,0.5400978666089689,0.31933896562469566,0.07364909959557175,0.6601534005952053,0.12940881769902002,0.9919798697621074,0,0.09160464501634462,0.49259916763510336
526,55.749806,-4.906333,266,0.3766052252024523,0.673619268166732,0.5305311463408198,0.1454621865087908,2.2428653759907205e-05,0.27027089976731167,0.9218012354387202,0,-1.7518460036034433,0.4864046932171479
527,55.989833,-3.181694,213,0.21089202502368054,0.608769007374333,0.415985084739785,0.11456415668715104,0.006837882530473597,0.22247574155626648,0.9364520718061065,0,-0.7966913436363984,0.6342181292715127
528,55.01826759,8.44140467,151,0.20524247913521756,1.065935838155563,0.41508416889943495,0.10724316524768807,0.0575163843583838,0.21258504331055816,0.9646609201186505,0,-1.9263446028928262,1.062614566177537
53,47.193451,-1.63367,203,0.013252461935451097,0.8233346359060765,0.4325382610217272,0.08185476125273616,0.12454409675055966,0.15024586759602365,0.9798099787397265,0,-1.0236293793974673,1.707945880759155
530,55.4667,8.4333,446,0.5639817403970016,1.1962601863608735,0.5248025442142636,0.1013130378731949,0.0001941670859705674,0.20025918811251353,0.9579950448420677,2,-3.4053830939055025,0.1693696345920587
531,55.989799,-3.1803999,202,-0.18189181796071763,0.49778180814135314,0.21915256297580588,0.03959288166713304,0.896842851432098,0.07808595429393703,0.9970646754560613,1,1.4844873015411146,0.8984797508860831
532,55.749699,-4.9046998,208,0.06121286009093538,0.6335226905402165,0.2726713062229226,0.049539437215335935,0.6682164049640081,0.0832456293753373,0.994152914347094,0,0.24849943201866773,0.4507291832374997
533,55.0,-1.4333301,211,-0.2199499705943186,0.4650117944534812,0.21535470521411,0.0490559343970991,0.6715329196689577,0.08953271475170091,0.9954231373072857,1,1.6745563881185437,0.9905719622041739
534,55.5667,9.75,121,0.3956811739845275,0.47324440790936767,0.14586796637069688,0.06041945199184018,0.7457703668742782,0.10624841291974352,0.9924947862820505,1,1.2043414535889483,-2.265817808415913
535,55.0,9.9833002,111,0.656315806135926,0.6075158899416636,0.1972071926570885,0.0970097405154032,0.2316472109567722,0.18207610774848623,0.9782707655831588,1,-0.22244811124807717,-2.6259003952842934
536,55.266701,9.8832998,67,0.626516736140324,0.5195161099580055,0.13195690239182678,0.1782983700111685,0.02465347522271555,0.2987719424422493,0.93489574630085,1,0.8314045435055895,-3.3595422732819173
537,55.466702,8.4333,64,0.4229110445003007,1.1694739201004745,0.4440510735574573,0.10479288744990634,0.452656488636174,0.1813105872602837,0.9805995019609725,0,-2.740582501933605,0.39790927044373525
538,55.016998,8.441,67,0.3172651755449454,1.0834529339387984,0.4231365528707589,0.0987924768936374,0.49905937637467934,0.19045048192691466,0.9725196557126645,0,-2.225899070756131,0.6585254307792701
54,48.641102,-2.0276,190,0.04602033922075742,0.543863617574597,0.18619569589979357,0.05200847453085497,0.6632900627498837,0.08506379899573777,0.9959337846429165,1,1.2388087413194524,-0.3047289186778298
540,55.130798,8.6858997,61,0.5066908844578313,1.141065756893549,0.3488893696760679,0.07474699888852909,0.859673775855632,0.14027316475310225,0.9850406781434151,0,-2.3675142658811543,-0.43528937445064597
541,55.1833,8.6833,61,0.6527496685161491,0.9553479866922179,0.22237986324022185,0.05839016250436391,0.9776522386620561,0.11048719832799675,0.991312691071269,2,-1.3183715992544367,-2.0676284274635637
542,55.087002,8.5654001,61,0.32088295755923557,1.1677695133507748,0.3775939207043049,0.07917662341917825,0.8100767058427201,0.15644201527409046,0.9836306724022935,0,-2.2243599447850544,0.49926310076931196
544,55.283298,8.5832996,61,0.3350870037099933,1.1137585369181662,0.417081194686017,0.08470870567680444,0.7417222690881615,0.14158201406364157,0.9843440053798649,0,-2.308755745467348,0.5851321046164071
545,55.333302,8.6833,61,0.5787218028304345,1.3077385730398474,0.42896586108331775,0.1262766577832064,0.26221665677124206,0.23528677509436624,0.9628008708331562,2,-3.324198113864016,-0.18051948241450605
546,56.623111,-6.064222,203,0.18501433411488258,0.6572257665013811,0.4129478852538948,0.10360281901324564,0.023764082970271327,0.1712778202476062,0.9718902914652878,0,-0.8533985167542876,0.7690147743726311
547,56.6231,-6.0630999,195,-0.14919831544651765,0.5094114328960639,0.21316728967426163,0.047205854244635415,0.7593337977507678,0.08741128868397097,0.9958851314035599,1,1.4449989733821338,0.7220442090696509
549,56.633301,9.8000002,78,0.2805330687073617,0.4240831380981294,0.12787658971660146,0.09276716302450616,0.48454776244806885,0.1703805427120424,0.9804929986689251,1,1.806185530567545,-2.094560777541027
55,47.305672,-2.0883,165,0.09949810032804121,0.5606634055502338,0.27948977370753636,0.03233934365280544,0.9931478371666187,0.06332529726645719,0.9975924021387341,0,0.30858299822401936,0.27703026818845117
550,56.524601,8.1152,61,0.18378340240513838,1.0110470485196976,0.4137486384275509,0.088204533321392,0.6963331813060971,0.16625771948214352,0.9800902443244839,0,-1.7407932401336537,1.0947417660262735
551,56.7075,8.2089996,61,0.5535304967235652,0.8540227124486006,0.2730549437903061,0.07884971858630985,0.8139207182195851,0.13792957467147432,0.9909515677696913,0,-1.2671499320658615,-1.3570425130890431
553,57.89525,-5.158056,309,0.16848884040098877,0.5274312020520368,0.3164436148106284,0.09249429030682466,0.009447112634873816,0.18089081843870636,0.9546436553003838,0,0.017538032024448796,0.20581640726342437
554,57.8955,-5.1567998,208,-0.02506027753389366,0.5018641990627155,0.19661090586547905,0.03955467637352583,0.8877912643074448,0.07587533116586176,0.9980774184935711,1,1.3776661400741885,0.05273470524283881
559,57.150002,-2.0833299,208,0.07742305885165206,0.4408511671267824,0.1908685068482166,0.03495872681816836,0.953431437423169,0.06972687335981889,0.9968591291700818,1,1.3876650708995122,-0.47719835664772836
56,47.5429,-2.8954,133,0.09543375125230902,0.37858854634793,0.1916791877966788,0.06542908277934179,0.5961308093974068,0.1196286386011004,0.9856397240153825,1,1.5002601654639114,-0.5982456307971735
565,58.207722,-6.388889,274,-0.00326018270958885,0.4558888169112583,0.19844699945764233,0.03751697776947582,0.8211739298028451,0.07295537919930384,0.995967853262624,1,1.43232015794234,-0.05940622027012939
566,58.456694,-5.050222,192,-0.30379325711734007,0.39628397144159366,0.29024254501675734,0.07821746279366215,0.1809451145465819,0.1412969707248869,0.9886163327899056,1,1.4343962455146744,1.8476271141541052
567,58.216702,-6.3833299,205,0.09764113301751451,0.4313090900758696,0.1567883277600171,0.030240300510754548,0.9892191014039737,0.05965315414197114,0.9984984753688557,1,1.7516608178214268,-0.9482665470365701
568,58.457199,-5.0496001,190,-0.034265828181166705,0.4945067399822576,0.23895473446152155,0.033134495596652436,0.9807960928756935,0.06441412968639555,0.9978450237082377,1,1.037666367654089,0.46057683632441077
57,47.873798,-3.9075999,154,0.08702098145930615,0.34996956977076643,0.15407500520333373,0.05612281233592065,0.6955812201086007,0.10191807034300471,0.9936233305953002,1,2.009768263487394,-1.0115483997870904
570,58.0,7.567,444,0.030716438811126505,0.37443973721957685,0.1352986489831033,0.040214132963334315,0.4575147315565753,0.07591116401788478,0.9956694612830218,1,2.3091441135852038,-1.011087181506963
571,58.440972,-3.086389,351,-0.24779355700069977,0.41846761592907933,0.18872686959932308,0.04234870735953278,0.5406931164966664,0.08238801735488188,0.99565173467445,1,2.100147837583451,0.8074088948535484
572,58.974339,5.730121,443,0.06486706349842815,0.34502289492880867,0.13086205230269524,0.019618068363177255,0.994442770100994,0.03839802297153533,0.9991699790653261,1,2.3805059233975614,-1.2411537694436947
573,58.006377,7.554759,449,0.02542761857449868,0.3677136216541191,0.13484772521828295,0.034316070078320104,0.6527209078324778,0.06820122812494495,0.9962864188184977,1,2.3427512011298024,-1.0019917527281779
574,58.995212,9.856379,290,0.01307345671309399,0.4449744540742912,0.1852743712371398,0.03666172462378514,0.8166551164756227,0.06870339860166547,0.9967996611463359,1,1.5603198588909135,-0.2685209512044175
575,58.974339,5.7301211,444,0.1468624906991481,0.3453805370755979,0.12314011599853436,0.04271205856852578,0.3820241535531328,0.0725766853537606,0.9971880168921549,1,2.3369657868637357,-1.6927915594606195
576,58.006378,7.554759,449,1.3345491040849784,0.1434282263295413,0.6440404839125495,0.38479529090268,2.5240894913325587e-60,0.5188751604169937,0.5738589877122497,2,-2.667663049483844,-3.5210900319323573
577,58.995213,9.8563786,290,0.42844579169460645,0.45765786662271923,0.16224287277691432,0.05417880937588135,0.3497005233411806,0.09811225072290117,0.9906227543576147,1,0.9741255870783287,-2.2078376248707223
578,58.4333,-3.0833299,210,0.0704954563842905,0.42182447781307625,0.2055174493457399,0.04505179987638541,0.7701233592929556,0.08796907472612919,0.9963778832410431,1,1.3061355363902412,-0.3231025518422762
58,47.88092,-4.1159801,110,-0.06152302589968735,0.38149801284755713,0.1700739060368861,0.03607898974313456,0.9978521978202192,0.07138909860380399,0.997301249940979,1,2.0300486877186454,-0.18654022721340185
59,48.588699,-3.8382599,110,-0.06808390017848462,0.6468159375686859,0.3066941407653515,0.06509799747271805,0.7147419656708291,0.12317420046896843,0.9908412005089365,0,0.2406244824727738,1.2172061316135259
6,47.644274,-3.445852,310,0.022236755628045668,0.341666759163504,0.14517534636561888,0.04238793208317582,0.6178280632498061,0.06633502553519671,0.9972050985425053,1,2.2717994082002138,-0.8697158738888869
60,46.007359,-1.17434,95,0.014013045742828694,0.6239359094167187,0.16927204484585168,0.08143148238533698,0.5276992560145085,0.12749649679759642,0.9931112903276382,1,1.2846351457532161,-0.2865787139140448
61,45.453671,-0.92304999,74,-0.12201157728989456,0.4549974336367234,0.1546464053756722,0.057488139895801704,0.9555876303698317,0.0931786178426033,0.9950222342707659,1,2.147531309529713,-0.05772648766168238
65,45.335571,-0.79517001,66,-0.034658362304044066,0.5063756271330087,0.1542042143944316,0.08473948512298246,0.6983450751958888,0.1489943726492029,0.9895420690448001,1,1.8539248971550184,-0.3735214908268878
7,48.359098,-4.78075,321,-0.009059575044793038,0.3557142960761907,0.1369600519808093,0.04299434973785132,0.5779889986224946,0.0804922351490801,0.9968022643022204,1,2.410107609454165,-0.8420443339715431
70,45.040482,-0.60351998,60,-0.2092650239857255,0.6317857756117794,0.16929943289440846,0.052630919342340876,0.9933036677128213,0.10092867846245301,0.9956061276151004,1,1.7003875848732624,0.631451489712654
8,48.718426,-3.965679,307,0.009440276286320593,0.37879907454785244,0.13275272550655715,0.05537541706349891,0.2924037627811994,0.09288726107608962,0.9955069025846023,1,2.3764050973568187,-0.9571090616351454
84,49.917833,-6.317139,181,-0.15078595480655757,0.3223828924237314,0.13627912877548587,0.10175949334055479,0.043830508265399803,0.16608865261238054,0.9785014934015622,1,2.7797720894793083,-0.3034740688940159
85,49.9179,-6.3155999,174,-0.04905516119080318,0.2912942417307959,0.11836427202320383,0.05802528742453916,0.580883306195892,0.10824579410705149,0.9914862775442822,1,2.931073360575344,-1.0185863946292701
87,49.183333,-2.116667,194,-0.09294898654261463,0.4979055674308021,0.17080641911008237,0.041151333729885886,0.8840168625907293,0.07825651877290296,0.9970536941519488,1,1.7915681297406463,0.054222697520124534
88,49.92917,1.08449,354,0.13435595679187046,0.6488648096843634,0.24905697404671978,0.033423291012395384,0.8111790202320909,0.06098316347355762,0.9977795396918149,1,0.24214700395714164,-0.008892427460194004
89,49.481892,0.10598,334,-0.07118053046503675,0.6062541812347171,0.21768478460548107,0.049663968482861365,0.37015556850197606,0.08213708281442156,0.9945788975926456,1,1.0097618935703878,0.5311086292852153
9,46.15850067,-1.22064996,243,0.0003948132627021243,0.4469134729597647,0.1980282293926197,0.06588836109175711,0.23169968505814476,0.10191670191699498,0.9938316748693073,1,1.4517405426213428,-0.08643611557983352
90,49.651447,-1.635508,307,0.04140227281960707,0.42157709060155313,0.15639350973961524,0.046528278356263164,0.5047376464347701,0.09243396660376602,0.9944184306424655,1,1.8906467355780685,-0.7324749350065742
93,49.93,1.085,354,0.13421638103226602,0.6487006126137322,0.24900447807116344,0.03295269426805897,0.8243306593830997,0.060342938966866946,0.997793555763225,1,0.24323736416769182,-0.008877558505164848
94,49.481602,0.1056,334,-0.0709283923549147,0.6064042495991732,0.21771704685576643,0.04994436624365495,0.36337162546402524,0.08244039977043771,0.994576297839448,1,1.0086080646278206,0.5305010225916329
95,49.651299,-1.6355,307,0.0415879079518611,0.42174013036457003,0.15637458249241368,0.04691962773088004,0.4939544049275073,0.09286558251327098,0.9944056862588355,1,1.8901097356966674,-0.7333198953718671
97,49.1833,-2.1166999,194,0.0014276876215702666,0.5009139349208775,0.16715219212527682,0.04747801289318576,0.7559013560720662,0.08329191557049226,0.9958793076883559,1,1.641592841845535,-0.3698047295699482
99,49.48378,0.11458,70,-0.14935318112604212,0.6080163816192541,0.22278719505128863,0.04909612320994772,0.9929286712048377,0.07924065366617841,0.9966795324129778,1,1.1131914018600528,0.8962993966459561
