,u10,v10,d2m,t2m,msl,sst,sp,tp,mwd,mwp,swh,wind_speed,d_wind_1h,d_wind_6h,d_sp_1h,d_sp_6h,tide_range_12h,tide_lag1h,tide_lag6h
1,0.06678825616836548,0.07473248988389969,0.0713583379983902,0.14307118952274323,1.867430567741394,0.08093512803316116,1.317656397819519,0.05472720041871071,0.16238214075565338,0.07350877672433853,0.09298780560493469,0.04895831272006035,0.023139305412769318,0.05959954112768173,0.03506004437804222,0.07399975508451462,0.0,0.037688810378313065,0.04415731132030487
2,0.04645361006259918,0.174355611205101,0.07004652917385101,0.1231175884604454,1.1166459321975708,0.07160871475934982,0.6252738237380981,0.032031767070293427,0.0929037481546402,0.04129856079816818,0.10639043152332306,0.0832720398902893,0.017277028411626816,0.026780469343066216,0.029088640585541725,0.04592880979180336,0.0,0.030849330127239227,0.031005293130874634
3,0.21733036637306213,0.22474712133407593,0.2606316804885864,0.3634747564792633,2.2652294635772705,0.3573465645313263,1.7893813848495483,0.16552980244159698,0.35926711559295654,0.25839272141456604,0.2503557801246643,0.17977415025234222,0.1130775585770607,0.16774965822696686,0.12395207583904266,0.20913220942020416,0.0,0.14050649106502533,0.1740386188030243
4,0.14191417396068573,0.11242541670799255,0.15849681198596954,0.21696455776691437,1.4113354682922363,0.17462347447872162,4.068110466003418,0.09536381810903549,0.18507534265518188,0.14103887975215912,0.20003783702850342,0.09683511406183243,0.08216430246829987,0.12247548252344131,0.09113462269306183,0.1302787810564041,0.0,0.23290206491947174,0.23839958012104034
5,0.149605855345726,0.4512411952018738,0.20394933223724365,0.316518098115921,3.0996131896972656,0.2269572615623474,1.5324541330337524,0.1219085156917572,0.24979029595851898,0.1591297835111618,0.28366386890411377,0.1904015839099884,0.09526880830526352,0.11857915669679642,0.1490248590707779,0.1649477481842041,0.0,0.34870991110801697,0.35376229882240295
6,0.04121299833059311,0.03643788769841194,0.0359654501080513,0.11364295333623886,1.0253796577453613,0.049569182097911835,0.7959836721420288,0.024131888523697853,0.08511336892843246,0.03780285269021988,0.050110381096601486,0.025896335020661354,0.012295788154006004,0.03193076327443123,0.021570805460214615,0.04387851431965828,0.0,0.01884310320019722,0.029230862855911255
7,0.02267579734325409,0.0687989592552185,0.055798981338739395,0.07278066128492355,0.5700219869613647,0.046119991689920425,0.3406012952327728,0.01775769144296646,0.04984179139137268,0.02428538352251053,0.05600837618112564,0.03704490140080452,0.007905729115009308,0.013784067705273628,0.016956929117441177,0.026446430012583733,0.0,0.016657285392284393,0.017075346782803535
8,0.018326815217733383,0.01858261227607727,0.03718709573149681,0.050749942660331726,0.2763563394546509,0.032874107360839844,0.7711803913116455,0.014016951434314251,0.029972564429044724,0.022093961015343666,0.042759355157613754,0.018259672448039055,0.008868323639035225,0.01725008711218834,0.014119425788521767,0.022027956321835518,0.0,0.010643702931702137,0.011748588643968105
10,0.2525823712348938,0.22343572974205017,0.41751280426979065,0.469227135181427,2.7422337532043457,0.369927316904068,2.626516342163086,0.19224871695041656,0.5769332647323608,0.30313336849212646,0.4133981764316559,0.23349425196647644,0.15700897574424744,0.19071447849273682,0.19960463047027588,0.22098198533058167,0.0,0.6046342253684998,0.592158854007721
